timestamp,message_type,rssi,snr,crc,tx_data,frame_no,source_file
2025-04-20T18:53:02.519000,beacon,,,PASS,,,20250420_log1.TXT
2025-04-20T18:53:02.631000,beacon,-89,-13,FAIL,,,20250420_log1.TXT
2025-04-20T18:53:02.703000,beacon,,,PASS,,,20250420_log1.TXT
2025-04-20T18:53:10.074000,Tx,,,,000000000001001,,20250420_log1.TXT
2025-04-20T18:53:11.817000,Tx,,,,000000000001002,,20250420_log1.TXT
2025-04-20T18:53:13.559000,Tx,,,,000000000001003,,20250420_log1.TXT
2025-04-20T18:53:15.287000,Tx,,,,000000000001004,,20250420_log1.TXT
2025-04-20T18:53:47.542000,beacon,-87,-14,FAIL,,,20250420_log1.TXT
2025-04-20T18:53:47.622000,beacon,-87,-15,FAIL,,,20250420_log1.TXT
2025-04-20T18:54:17.543000,beacon,-87,-14,FAIL,,,20250420_log1.TXT
2025-04-20T18:55:02.541000,beacon,-87,-13,FAIL,,,20250420_log1.TXT
2025-04-20T18:55:02.619000,beacon,,,PASS,,,20250420_log1.TXT
2025-04-20T18:55:17.545000,beacon,-87,-16,FAIL,,,20250420_log1.TXT
2025-04-20T18:55:32.542000,beacon,-86,-15,FAIL,,,20250420_log1.TXT
2025-04-23T17:08:02.864000,beacon,-84,-15,FAIL,,,20250423_20-00-31.TXT
2025-04-23T17:30:47.787000,beacon,-85,-15,FAIL,,,20250423_20-00-31.TXT
2025-04-23T17:31:32.825000,beacon,-85,-14,FAIL,,,20250423_20-00-31.TXT
2025-04-23T17:31:47.752000,beacon,,,PASS,,,20250423_20-00-31.TXT
2025-04-23T17:31:47.861000,beacon,,,PASS,,,20250423_20-00-31.TXT
2025-04-23T17:31:55.323000,Tx,,,,000000000001001,,20250423_20-00-31.TXT
2025-04-23T17:31:57.052000,Tx,,,,000000000001002,,20250423_20-00-31.TXT
2025-04-23T17:31:58.792000,Tx,,,,000000000001003,,20250423_20-00-31.TXT
2025-04-23T17:32:00.534000,Tx,,,,000000000001004,,20250423_20-00-31.TXT
2025-04-23T17:34:32.783000,beacon,-85,-16,FAIL,,,20250423_20-00-31.TXT
2025-04-23T17:59:17.763000,beacon,-84,-13,FAIL,,,20250423_20-00-31.TXT
2025-04-23T17:59:17.826000,beacon,-84,-13,FAIL,,,20250423_20-00-31.TXT
2025-04-23T17:59:47.734000,beacon,,,PASS,,,20250423_20-00-31.TXT
2025-04-23T17:59:47.829000,beacon,-85,-13,FAIL,,,20250423_20-00-31.TXT
2025-04-23T17:59:55.297000,Tx,,,,000000000001001,,20250423_20-00-31.TXT
2025-04-23T17:59:57.041000,Tx,,,,000000000001002,,20250423_20-00-31.TXT
2025-04-23T17:59:58.766000,Tx,,,,000000000001003,,20250423_20-00-31.TXT
2025-04-23T18:00:00.508000,Tx,,,,000000000001004,,20250423_20-00-31.TXT
2025-04-23T18:00:02.730000,beacon,,,PASS,,,20250423_20-00-31.TXT
2025-04-23T18:00:02.910000,beacon,-84,-12,FAIL,,,20250423_20-00-31.TXT
2025-04-23T18:00:10.294000,Tx,,,,000000000001001,,20250423_20-00-31.TXT
2025-04-23T18:00:12.037000,Tx,,,,000000000001002,,20250423_20-00-31.TXT
2025-04-23T18:00:13.779000,Tx,,,,000000000001003,,20250423_20-00-31.TXT
2025-04-23T18:00:15.505000,Tx,,,,000000000001004,,20250423_20-00-31.TXT
2025-04-23T18:00:32.733000,beacon,,,PASS,,,20250423_20-00-31.TXT
2025-04-23T18:00:32.829000,beacon,-85,-13,FAIL,,,20250423_20-00-31.TXT
2025-04-23T18:00:32.915000,beacon,-85,-13,FAIL,,,20250423_20-00-31.TXT
2025-04-23T18:00:40.287000,Tx,,,,000000000001001,,20250423_20-00-31.TXT
2025-04-23T18:00:42.029000,Tx,,,,000000000001002,,20250423_20-00-31.TXT
2025-04-23T18:00:43.771000,Tx,,,,000000000001003,,20250423_20-00-31.TXT
2025-04-23T18:00:45.513000,Tx,,,,000000000001004,,20250423_20-00-31.TXT
2025-04-23T18:00:47.761000,beacon,-84,-15,FAIL,,,20250423_20-00-31.TXT
2025-04-23T18:26:17.716000,beacon,,,PASS,,,20250423_20-00-31.TXT
2025-04-23T18:26:25.279000,Tx,,,,000000000001001,,20250423_20-00-31.TXT
2025-04-23T18:26:27.018000,Tx,,,,000000000001002,,20250423_20-00-31.TXT
2025-04-23T18:26:28.760000,Tx,,,,000000000001003,,20250423_20-00-31.TXT
2025-04-23T18:26:30.487000,Tx,,,,000000000001004,,20250423_20-00-31.TXT
2025-04-23T18:26:32.743000,beacon,-85,-14,FAIL,,,20250423_20-00-31.TXT
2025-04-23T18:26:32.812000,beacon,-86,-14,FAIL,,,20250423_20-00-31.TXT
2025-04-23T18:26:47.728000,beacon,,,PASS,,,20250423_20-00-31.TXT
2025-04-23T18:26:47.817000,beacon,,,PASS,,,20250423_20-00-31.TXT
2025-04-23T18:26:55.281000,Tx,,,,000000000001001,,20250423_20-00-31.TXT
2025-04-23T18:26:57.011000,Tx,,,,000000000001002,,20250423_20-00-31.TXT
2025-04-23T18:26:58.749000,Tx,,,,000000000001003,,20250423_20-00-31.TXT
2025-04-23T18:27:00.492000,Tx,,,,000000000001004,,20250423_20-00-31.TXT
2025-04-23T18:27:17.744000,beacon,-85,-15,FAIL,,,20250423_20-00-31.TXT
2025-04-23T18:27:17.836000,beacon,-86,-14,FAIL,,,20250423_20-00-31.TXT
2025-04-23T18:27:32.895000,beacon,-86,-15,FAIL,,,20250423_20-00-31.TXT
2025-04-23T18:27:47.915000,beacon,-86,-14,FAIL,,,20250423_20-00-31.TXT
2025-04-23T18:29:17.873000,beacon,-85,-16,FAIL,,,20250423_20-00-31.TXT
2025-04-23T18:29:47.738000,beacon,-87,-15,FAIL,,,20250423_20-00-31.TXT
2025-04-23T18:30:47.892000,beacon,-85,-15,FAIL,,,20250423_20-00-31.TXT
2025-04-23T18:55:47.718000,beacon,-85,-13,FAIL,,,20250423_20-00-31.TXT
2025-04-23T18:55:47.814000,beacon,-85,-14,FAIL,,,20250423_20-00-31.TXT
2025-04-23T18:56:17.721000,beacon,-85,-14,FAIL,,,20250423_20-00-31.TXT
2025-04-23T18:56:17.798000,beacon,,,PASS,,,20250423_20-00-31.TXT
2025-04-23T18:56:32.694000,beacon,,,PASS,,,20250423_20-00-31.TXT
2025-04-23T18:56:32.778000,beacon,,,PASS,,,20250423_20-00-31.TXT
2025-04-23T18:56:40.258000,Tx,,,,000000000001001,,20250423_20-00-31.TXT
2025-04-23T18:56:41.984000,Tx,,,,000000000001002,,20250423_20-00-31.TXT
2025-04-23T18:56:43.727000,Tx,,,,000000000001003,,20250423_20-00-31.TXT
2025-04-23T18:56:45.468000,Tx,,,,000000000001004,,20250423_20-00-31.TXT
2025-04-23T18:56:47.716000,beacon,-86,-14,FAIL,,,20250423_20-00-31.TXT
2025-04-23T18:56:47.924000,beacon,-86,-15,FAIL,,,20250423_20-00-31.TXT
2025-04-23T19:22:17.678000,beacon,,,PASS,,,20250423_20-00-31.TXT
2025-04-23T19:22:17.869000,beacon,,,PASS,,,20250423_20-00-31.TXT
2025-04-23T19:22:17.924000,beacon,,,PASS,,,20250423_20-00-31.TXT
2025-04-23T19:22:17.974000,beacon,,,PASS,,,20250423_20-00-31.TXT
2025-04-23T19:22:25.243000,Tx,,,,000000000001001,,20250423_20-00-31.TXT
2025-04-23T19:22:26.970000,Tx,,,,000000000001002,,20250423_20-00-31.TXT
2025-04-23T19:22:28.712000,Tx,,,,000000000001003,,20250423_20-00-31.TXT
2025-04-23T19:22:30.456000,Tx,,,,000000000001004,,20250423_20-00-31.TXT
2025-04-23T19:28:00.703000,beacon,-87,-15,FAIL,,,20250423_20-00-31.TXT
2025-04-23T19:53:45.775000,beacon,-85,-14,FAIL,,,20250423_20-00-31.TXT
2025-04-23T19:54:30.762000,beacon,-84,-15,FAIL,,,20250423_20-00-31.TXT
2025-04-23T19:54:45.674000,beacon,-84,-15,FAIL,,,20250423_20-00-31.TXT
2025-04-23T19:54:45.744000,beacon,-84,-15,FAIL,,,20250423_20-00-31.TXT
2025-04-23T19:55:15.679000,beacon,-85,-14,FAIL,,,20250423_20-00-31.TXT
2025-04-23T19:55:30.657000,beacon,,,PASS,,,20250423_20-00-31.TXT
2025-04-23T19:55:30.736000,beacon,,,PASS,,,20250423_20-00-31.TXT
2025-04-23T19:55:38.214000,Tx,,,,000000000001001,,20250423_20-00-31.TXT
2025-04-23T19:55:39.939000,Tx,,,,000000000001002,,20250423_20-00-31.TXT
2025-04-23T19:55:41.684000,Tx,,,,000000000001003,,20250423_20-00-31.TXT
2025-04-23T19:55:43.427000,Tx,,,,000000000001004,,20250423_20-00-31.TXT
2025-04-25T20:09:33.982000,beacon,-85,-14,FAIL,,,20250425_21-53-28.TXT
2025-04-25T21:31:33.966000,beacon,-84,-14,FAIL,,,20250425_21-53-28.TXT
2025-04-25T21:31:34.030000,beacon,-84,-13,FAIL,,,20250425_21-53-28.TXT
2025-04-25T21:32:03.966000,beacon,-83,-15,FAIL,,,20250425_21-53-28.TXT
2025-04-25T21:32:18.967000,beacon,-83,-14,FAIL,,,20250425_21-53-28.TXT
2025-04-25T21:32:19.073000,beacon,-83,-14,FAIL,,,20250425_21-53-28.TXT
2025-04-25T21:32:48.965000,beacon,-83,-14,FAIL,,,20250425_21-53-28.TXT
2025-04-26T17:35:45.344000,Tx,,,,000000000001076,,20250426_23-03-42.TXT
2025-04-26T17:35:47.686000,beacon,-92,-14,FAIL,,,20250426_23-03-42.TXT
2025-04-26T17:36:02.567000,beacon,,,PASS,,,20250426_23-03-42.TXT
2025-04-26T17:36:02.647000,beacon,,,PASS,,,20250426_23-03-42.TXT
2025-04-26T17:36:08.446000,Tx,,,,000000000001072,,20250426_23-03-42.TXT
2025-04-26T17:36:10.120000,Tx,,,,000000000001073,,20250426_23-03-42.TXT
2025-04-26T17:36:11.864000,Tx,,,,000000000001074,,20250426_23-03-42.TXT
2025-04-26T17:36:13.609000,Tx,,,,000000000001075,,20250426_23-03-42.TXT
2025-04-26T17:36:15.337000,Tx,,,,000000000001076,,20250426_23-03-42.TXT
2025-04-26T17:36:32.593000,beacon,-91,-16,FAIL,,,20250426_23-03-42.TXT
2025-04-26T17:37:02.596000,beacon,-91,-16,FAIL,,,20250426_23-03-42.TXT
2025-04-26T17:37:32.593000,beacon,-91,-13,FAIL,,,20250426_23-03-42.TXT
2025-04-26T17:37:47.594000,beacon,-91,-14,FAIL,,,20250426_23-03-42.TXT
2025-04-26T17:38:17.591000,beacon,-91,-14,FAIL,,,20250426_23-03-42.TXT
2025-04-26T17:38:47.594000,beacon,-91,-15,FAIL,,,20250426_23-03-42.TXT
2025-04-26T17:39:32.575000,beacon,,,PASS,,,20250426_23-03-42.TXT
2025-04-26T17:39:32.672000,beacon,,,PASS,,,20250426_23-03-42.TXT
2025-04-26T17:39:40.133000,Tx,,,,000000000001072,,20250426_23-03-42.TXT
2025-04-26T17:39:41.860000,Tx,,,,000000000001073,,20250426_23-03-42.TXT
2025-04-26T17:39:43.605000,Tx,,,,000000000001074,,20250426_23-03-42.TXT
2025-04-26T17:39:45.349000,Tx,,,,000000000001075,,20250426_23-03-42.TXT
2025-04-26T17:39:47.593000,beacon,-91,-14,FAIL,,,20250426_23-03-42.TXT
2025-04-26T17:40:02.571000,beacon,,,PASS,,,20250426_23-03-42.TXT
2025-04-26T17:40:02.695000,beacon,,,PASS,,,20250426_23-03-42.TXT
2025-04-26T17:40:10.120000,Tx,,,,000000000001072,,20250426_23-03-42.TXT
2025-04-26T17:40:11.866000,Tx,,,,000000000001073,,20250426_23-03-42.TXT
2025-04-26T17:40:13.609000,Tx,,,,000000000001074,,20250426_23-03-42.TXT
2025-04-26T17:40:15.336000,Tx,,,,000000000001075,,20250426_23-03-42.TXT
2025-04-26T17:40:17.689000,beacon,-90,-16,FAIL,,,20250426_23-03-42.TXT
2025-04-26T17:41:48.367000,beacon,,,PASS,,,20250426_23-03-42.TXT
2025-04-26T17:41:48.367000,beacon,-90,-11,PASS,,,20250426_23-03-42.TXT
2025-04-26T17:41:53.127000,Tx,,,,000000000001072,,20250426_23-03-42.TXT
2025-04-26T17:41:54.871000,Tx,,,,000000000001073,,20250426_23-03-42.TXT
2025-04-26T17:41:56.599000,Tx,,,,000000000001074,,20250426_23-03-42.TXT
2025-04-26T17:41:58.344000,Tx,,,,000000000001075,,20250426_23-03-42.TXT
2025-04-26T17:42:00.569000,beacon,,,PASS,,,20250426_23-03-42.TXT
2025-04-26T17:42:00.675000,beacon,,,PASS,,,20250426_23-03-42.TXT
2025-04-26T17:42:06.321000,ACK,,,,,2445,20250426_23-03-42.TXT
2025-04-26T17:42:06.321000,ACK,,,,,2254,20250426_23-03-42.TXT
2025-04-26T17:42:06.321000,ACK,,,,,2255,20250426_23-03-42.TXT
2025-04-26T17:42:06.321000,ACK,,,,,2256,20250426_23-03-42.TXT
2025-04-26T17:42:06.370000,ACK,,,,,2257,20250426_23-03-42.TXT
2025-04-26T17:42:08.130000,Tx,,,,000000000001076,,20250426_23-03-42.TXT
2025-04-26T17:42:09.858000,Tx,,,,000000000001077,,20250426_23-03-42.TXT
2025-04-26T17:42:11.602000,Tx,,,,000000000001078,,20250426_23-03-42.TXT
2025-04-26T17:42:13.345000,Tx,,,,000000000001079,,20250426_23-03-42.TXT
2025-04-26T17:43:45.590000,beacon,-91,-14,FAIL,,,20250426_23-03-42.TXT
2025-04-26T17:44:00.566000,beacon,,,PASS,,,20250426_23-03-42.TXT
2025-04-26T17:44:00.659000,beacon,,,PASS,,,20250426_23-03-42.TXT
2025-04-26T17:44:06.386000,Tx,,,,000000000001080,,20250426_23-03-42.TXT
2025-04-26T17:44:08.131000,Tx,,,,000000000001076,,20250426_23-03-42.TXT
2025-04-26T17:44:09.858000,Tx,,,,000000000001077,,20250426_23-03-42.TXT
2025-04-26T17:44:11.602000,Tx,,,,000000000001078,,20250426_23-03-42.TXT
2025-04-26T17:44:13.331000,Tx,,,,000000000001079,,20250426_23-03-42.TXT
2025-04-26T17:44:30.562000,beacon,-91,-14,FAIL,,,20250426_23-03-42.TXT
2025-04-26T17:45:30.630000,beacon,-91,-16,FAIL,,,20250426_23-03-42.TXT
2025-04-26T17:45:45.592000,beacon,-91,-15,FAIL,,,20250426_23-03-42.TXT
2025-04-26T17:48:30.587000,beacon,-92,-14,FAIL,,,20250426_23-03-42.TXT
2025-04-26T18:00:02.490000,beacon,,,PASS,,,20250426_23-03-42.TXT
2025-04-26T18:00:02.601000,beacon,-91,-13,FAIL,,,20250426_23-03-42.TXT
2025-04-26T18:00:08.314000,Tx,,,,000000000001080,,20250426_23-03-42.TXT
2025-04-26T18:00:10.057000,Tx,,,,000000000001076,,20250426_23-03-42.TXT
2025-04-26T18:00:11.786000,Tx,,,,000000000001077,,20250426_23-03-42.TXT
2025-04-26T18:00:13.530000,Tx,,,,000000000001078,,20250426_23-03-42.TXT
2025-04-26T18:00:15.259000,Tx,,,,000000000001079,,20250426_23-03-42.TXT
2025-04-26T18:00:17.485000,beacon,,,PASS,,,20250426_23-03-42.TXT
2025-04-26T18:00:17.611000,beacon,,,PASS,,,20250426_23-03-42.TXT
2025-04-26T18:00:22.941000,ACK,,,,,2258,20250426_23-03-42.TXT
2025-04-26T18:00:22.941000,ACK,,,,,2259,20250426_23-03-42.TXT
2025-04-26T18:00:22.941000,ACK,,,,,2260,20250426_23-03-42.TXT
2025-04-26T18:00:22.941000,ACK,,,,,2261,20250426_23-03-42.TXT
2025-04-26T18:00:23.310000,Tx,,,,000000000001080,,20250426_23-03-42.TXT
2025-04-26T18:00:25.054000,Tx,,,,000000000001081,,20250426_23-03-42.TXT
2025-04-26T18:00:26.782000,Tx,,,,000000000001082,,20250426_23-03-42.TXT
2025-04-26T18:00:28.526000,Tx,,,,000000000001083,,20250426_23-03-42.TXT
2025-04-26T18:00:30.271000,Tx,,,,000000000001084,,20250426_23-03-42.TXT
2025-04-26T18:00:32.496000,beacon,,,PASS,,,20250426_23-03-42.TXT
2025-04-26T18:00:32.609000,beacon,,,PASS,,,20250426_23-03-42.TXT
2025-04-26T18:00:37.938000,ACK,,,,,2262,20250426_23-03-42.TXT
2025-04-26T18:00:37.938000,ACK,,,,,2263,20250426_23-03-42.TXT
2025-04-26T18:00:37.938000,ACK,,,,,2264,20250426_23-03-42.TXT
2025-04-26T18:00:37.938000,ACK,,,,,2265,20250426_23-03-42.TXT
2025-04-26T18:00:37.938000,ACK,,,,,2266,20250426_23-03-42.TXT
2025-04-26T18:00:38.306000,Tx,,,,000000000001085,,20250426_23-03-42.TXT
2025-04-26T18:00:40.051000,Tx,,,,000000000001086,,20250426_23-03-42.TXT
2025-04-26T18:00:41.779000,Tx,,,,000000000001087,,20250426_23-03-42.TXT
2025-04-26T18:00:43.525000,Tx,,,,000000000001088,,20250426_23-03-42.TXT
2025-04-26T18:00:45.268000,Tx,,,,000000000001089,,20250426_23-03-42.TXT
2025-04-26T18:01:47.508000,beacon,-93,-14,FAIL,,,20250426_23-03-42.TXT
2025-04-26T18:01:47.816000,beacon,-92,-16,FAIL,,,20250426_23-03-42.TXT
2025-04-26T18:02:17.471000,beacon,,,PASS,,,20250426_23-03-42.TXT
2025-04-26T18:02:17.619000,beacon,,,PASS,,,20250426_23-03-42.TXT
2025-04-26T18:02:23.300000,Tx,,,,000000000001085,,20250426_23-03-42.TXT
2025-04-26T18:02:25.028000,Tx,,,,000000000001086,,20250426_23-03-42.TXT
2025-04-26T18:02:26.774000,Tx,,,,000000000001087,,20250426_23-03-42.TXT
2025-04-26T18:02:28.517000,Tx,,,,000000000001088,,20250426_23-03-42.TXT
2025-04-26T18:02:30.246000,Tx,,,,000000000001089,,20250426_23-03-42.TXT
2025-04-26T18:02:32.470000,beacon,,,PASS,,,20250426_23-03-42.TXT
2025-04-26T18:02:32.612000,beacon,,,PASS,,,20250426_23-03-42.TXT
2025-04-26T18:02:37.925000,ACK,,,,,2267,20250426_23-03-42.TXT
2025-04-26T18:02:37.925000,ACK,,,,,2268,20250426_23-03-42.TXT
2025-04-26T18:02:37.925000,ACK,,,,,2269,20250426_23-03-42.TXT
2025-04-26T18:02:37.925000,ACK,,,,,2270,20250426_23-03-42.TXT
2025-04-26T18:02:37.925000,ACK,,,,,2271,20250426_23-03-42.TXT
2025-04-26T18:02:38.293000,Tx,,,,000000000001090,,20250426_23-03-42.TXT
2025-04-26T18:02:40.037000,Tx,,,,000000000001091,,20250426_23-03-42.TXT
2025-04-26T18:02:41.766000,Tx,,,,000000000001092,,20250426_23-03-42.TXT
2025-04-26T18:02:43.510000,Tx,,,,000000000001093,,20250426_23-03-42.TXT
2025-04-26T18:02:45.238000,Tx,,,,000000000001094,,20250426_23-03-42.TXT
2025-04-26T18:02:47.479000,beacon,,,PASS,,,20250426_23-03-42.TXT
2025-04-26T18:02:47.623000,beacon,,,PASS,,,20250426_23-03-42.TXT
2025-04-26T18:02:52.914000,ACK,,,,,2272,20250426_23-03-42.TXT
2025-04-26T18:02:52.914000,ACK,,,,,2273,20250426_23-03-42.TXT
2025-04-26T18:02:52.914000,ACK,,,,,2274,20250426_23-03-42.TXT
2025-04-26T18:02:52.914000,ACK,,,,,2275,20250426_23-03-42.TXT
2025-04-26T18:02:52.914000,ACK,,,,,2276,20250426_23-03-42.TXT
2025-04-26T18:02:53.298000,Tx,,,,000000000001095,,20250426_23-03-42.TXT
2025-04-26T18:02:55.026000,Tx,,,,000000000001096,,20250426_23-03-42.TXT
2025-04-26T18:02:56.770000,Tx,,,,000000000001097,,20250426_23-03-42.TXT
2025-04-26T18:02:58.499000,Tx,,,,000000000001098,,20250426_23-03-42.TXT
2025-04-26T18:03:00.244000,Tx,,,,000000000001099,,20250426_23-03-42.TXT
2025-04-26T18:03:02.467000,beacon,,,PASS,,,20250426_23-03-42.TXT
2025-04-26T18:03:02.625000,beacon,,,PASS,,,20250426_23-03-42.TXT
2025-04-26T18:03:07.922000,ACK,,,,,2277,20250426_23-03-42.TXT
2025-04-26T18:03:07.922000,ACK,,,,,2278,20250426_23-03-42.TXT
2025-04-26T18:03:07.922000,ACK,,,,,2279,20250426_23-03-42.TXT
2025-04-26T18:03:07.922000,ACK,,,,,2280,20250426_23-03-42.TXT
2025-04-26T18:03:07.922000,ACK,,,,,2281,20250426_23-03-42.TXT
2025-04-26T18:03:08.290000,Tx,,,,000000000001100,,20250426_23-03-42.TXT
2025-04-26T18:03:17.477000,beacon,,,PASS,,,20250426_23-03-42.TXT
2025-04-26T18:03:17.524000,beacon,,,PASS,,,20250426_23-03-42.TXT
2025-04-26T18:03:22.918000,ACK,,,,,2282,20250426_23-03-42.TXT
2025-04-26T18:03:32.471000,beacon,,,PASS,,,20250426_23-03-42.TXT
2025-04-26T18:03:32.586000,beacon,,,PASS,,,20250426_23-03-42.TXT
2025-04-26T18:03:47.469000,beacon,,,PASS,,,20250426_23-03-42.TXT
2025-04-26T18:03:47.661000,beacon,,,PASS,,,20250426_23-03-42.TXT
2025-04-26T18:04:02.464000,beacon,,,PASS,,,20250426_23-03-42.TXT
2025-04-26T18:04:02.590000,beacon,,,PASS,,,20250426_23-03-42.TXT
2025-04-26T18:04:17.458000,beacon,,,PASS,,,20250426_23-03-42.TXT
2025-04-26T18:04:17.554000,beacon,,,PASS,,,20250426_23-03-42.TXT
2025-04-26T18:04:32.458000,beacon,,,PASS,,,20250426_23-03-42.TXT
2025-04-26T18:04:32.561000,beacon,,,PASS,,,20250426_23-03-42.TXT
2025-04-26T18:04:47.460000,beacon,,,PASS,,,20250426_23-03-42.TXT
2025-04-26T18:04:47.601000,beacon,,,PASS,,,20250426_23-03-42.TXT
2025-04-26T18:05:02.483000,beacon,-91,-14,FAIL,,,20250426_23-03-42.TXT
2025-04-26T18:05:17.446000,beacon,,,PASS,,,20250426_23-03-42.TXT
2025-04-26T18:05:17.585000,beacon,,,PASS,,,20250426_23-03-42.TXT
2025-04-26T18:05:32.452000,beacon,,,PASS,,,20250426_23-03-42.TXT
2025-04-26T18:05:32.600000,beacon,,,PASS,,,20250426_23-03-42.TXT
2025-04-26T18:05:47.450000,beacon,,,PASS,,,20250426_23-03-42.TXT
2025-04-26T18:05:47.536000,beacon,,,PASS,,,20250426_23-03-42.TXT
2025-04-26T18:06:02.451000,beacon,,,PASS,,,20250426_23-03-42.TXT
2025-04-26T18:06:02.621000,beacon,,,PASS,,,20250426_23-03-42.TXT
2025-04-26T18:06:17.440000,beacon,,,PASS,,,20250426_23-03-42.TXT
2025-04-26T18:06:32.450000,beacon,,,PASS,,,20250426_23-03-42.TXT
2025-04-26T18:06:32.525000,beacon,,,PASS,,,20250426_23-03-42.TXT
2025-04-26T18:10:45.430000,beacon,,,PASS,,,20250426_23-03-42.TXT
2025-04-26T18:10:45.579000,beacon,,,PASS,,,20250426_23-03-42.TXT
2025-04-26T18:11:00.430000,beacon,,,PASS,,,20250426_23-03-42.TXT
2025-04-26T18:11:00.543000,beacon,,,PASS,,,20250426_23-03-42.TXT
2025-04-26T18:11:15.426000,beacon,,,PASS,,,20250426_23-03-42.TXT
2025-04-26T18:11:15.554000,beacon,,,PASS,,,20250426_23-03-42.TXT
2025-04-26T18:11:30.427000,beacon,,,PASS,,,20250426_23-03-42.TXT
2025-04-26T18:11:30.605000,beacon,,,PASS,,,20250426_23-03-42.TXT
2025-04-26T18:11:45.423000,beacon,,,PASS,,,20250426_23-03-42.TXT
2025-04-26T18:11:45.567000,beacon,,,PASS,,,20250426_23-03-42.TXT
2025-04-26T18:12:15.415000,beacon,,,PASS,,,20250426_23-03-42.TXT
2025-04-26T18:12:15.544000,beacon,,,PASS,,,20250426_23-03-42.TXT
2025-04-26T18:12:30.567000,beacon,-92,-16,FAIL,,,20250426_23-03-42.TXT
2025-04-26T18:13:00.414000,beacon,,,PASS,,,20250426_23-03-42.TXT
2025-04-26T18:13:00.539000,beacon,,,PASS,,,20250426_23-03-42.TXT
2025-04-26T18:13:15.406000,beacon,,,PASS,,,20250426_23-03-42.TXT
2025-04-26T18:13:15.496000,beacon,,,PASS,,,20250426_23-03-42.TXT
2025-04-26T18:13:30.410000,beacon,,,PASS,,,20250426_23-03-42.TXT
2025-04-26T18:13:30.475000,beacon,,,PASS,,,20250426_23-03-42.TXT
2025-04-26T18:13:45.413000,beacon,,,PASS,,,20250426_23-03-42.TXT
2025-04-26T18:13:45.503000,beacon,,,PASS,,,20250426_23-03-42.TXT
2025-04-26T18:14:15.398000,beacon,,,PASS,,,20250426_23-03-42.TXT
2025-04-26T18:14:15.491000,beacon,,,PASS,,,20250426_23-03-42.TXT
2025-04-26T18:14:30.405000,beacon,,,PASS,,,20250426_23-03-42.TXT
2025-04-26T18:14:30.470000,beacon,,,PASS,,,20250426_23-03-42.TXT
2025-04-26T18:14:45.406000,beacon,,,PASS,,,20250426_23-03-42.TXT
2025-04-26T18:15:00.401000,beacon,,,PASS,,,20250426_23-03-42.TXT
2025-04-26T18:15:00.450000,beacon,,,PASS,,,20250426_23-03-42.TXT
2025-04-26T18:15:15.430000,beacon,-92,-15,FAIL,,,20250426_23-03-42.TXT
2025-04-26T18:15:30.392000,beacon,,,PASS,,,20250426_23-03-42.TXT
2025-04-26T18:15:30.465000,beacon,,,PASS,,,20250426_23-03-42.TXT
2025-04-26T18:15:45.397000,beacon,,,PASS,,,20250426_23-03-42.TXT
2025-04-26T18:15:45.461000,beacon,,,PASS,,,20250426_23-03-42.TXT
2025-04-26T18:16:00.391000,beacon,,,PASS,,,20250426_23-03-42.TXT
2025-04-26T18:16:00.483000,beacon,,,PASS,,,20250426_23-03-42.TXT
2025-04-26T18:16:15.398000,beacon,,,PASS,,,20250426_23-03-42.TXT
2025-04-26T18:16:15.462000,beacon,,,PASS,,,20250426_23-03-42.TXT
2025-04-26T18:16:30.393000,beacon,,,PASS,,,20250426_23-03-42.TXT
2025-04-26T18:16:30.458000,beacon,,,PASS,,,20250426_23-03-42.TXT
2025-04-26T18:16:45.391000,beacon,,,PASS,,,20250426_23-03-42.TXT
2025-04-26T18:17:00.418000,beacon,-92,-13,FAIL,,,20250426_23-03-42.TXT
2025-04-26T18:26:02.378000,beacon,-92,-14,FAIL,,,20250426_23-03-42.TXT
2025-04-26T18:26:02.410000,beacon,,,PASS,,,20250426_23-03-42.TXT
2025-04-26T18:26:17.358000,beacon,,,PASS,,,20250426_23-03-42.TXT
2025-04-26T18:27:02.344000,beacon,-93,-14,FAIL,,,20250426_23-03-42.TXT
2025-04-26T18:27:02.494000,beacon,,,PASS,,,20250426_23-03-42.TXT
2025-04-26T18:27:17.409000,beacon,-93,-15,FAIL,,,20250426_23-03-42.TXT
2025-04-26T18:27:47.338000,beacon,,,PASS,,,20250426_23-03-42.TXT
2025-04-26T18:27:47.410000,beacon,,,PASS,,,20250426_23-03-42.TXT
2025-04-26T18:28:02.341000,beacon,,,PASS,,,20250426_23-03-42.TXT
2025-04-26T18:28:02.422000,beacon,,,PASS,,,20250426_23-03-42.TXT
2025-04-26T18:28:17.338000,beacon,,,PASS,,,20250426_23-03-42.TXT
2025-04-26T18:28:17.432000,beacon,,,PASS,,,20250426_23-03-42.TXT
2025-04-26T18:28:32.332000,beacon,,,PASS,,,20250426_23-03-42.TXT
2025-04-26T18:28:32.478000,beacon,,,PASS,,,20250426_23-03-42.TXT
2025-04-26T18:29:02.342000,beacon,,,PASS,,,20250426_23-03-42.TXT
2025-04-26T18:29:02.445000,beacon,,,PASS,,,20250426_23-03-42.TXT
2025-04-26T18:29:17.344000,beacon,,,PASS,,,20250426_23-03-42.TXT
2025-04-26T18:29:17.456000,beacon,,,PASS,,,20250426_23-03-42.TXT
2025-04-26T18:29:17.525000,beacon,,,PASS,,,20250426_23-03-42.TXT
2025-04-26T18:29:32.328000,beacon,,,PASS,,,20250426_23-03-42.TXT
2025-04-26T18:29:32.468000,beacon,,,PASS,,,20250426_23-03-42.TXT
2025-04-26T18:29:47.337000,beacon,,,PASS,,,20250426_23-03-42.TXT
2025-04-26T18:29:47.385000,beacon,,,PASS,,,20250426_23-03-42.TXT
2025-04-26T18:30:02.334000,beacon,,,PASS,,,20250426_23-03-42.TXT
2025-04-26T18:30:02.413000,beacon,,,PASS,,,20250426_23-03-42.TXT
2025-04-26T18:30:17.329000,beacon,,,PASS,,,20250426_23-03-42.TXT
2025-04-26T18:30:17.470000,beacon,,,PASS,,,20250426_23-03-42.TXT
2025-04-26T18:30:32.358000,beacon,-91,-14,FAIL,,,20250426_23-03-42.TXT
2025-04-26T18:30:47.356000,beacon,-92,-15,FAIL,,,20250426_23-03-42.TXT
2025-04-26T18:31:17.331000,beacon,,,PASS,,,20250426_23-03-42.TXT
2025-04-26T18:31:17.502000,beacon,,,PASS,,,20250426_23-03-42.TXT
2025-04-26T18:32:17.325000,beacon,,,PASS,,,20250426_23-03-42.TXT
2025-04-26T18:32:17.468000,beacon,-92,-10,FAIL,,,20250426_23-03-42.TXT
2025-04-26T18:32:32.351000,beacon,-92,-12,FAIL,,,20250426_23-03-42.TXT
2025-04-26T18:32:32.452000,beacon,,,PASS,,,20250426_23-03-42.TXT
2025-04-26T18:32:47.319000,beacon,,,PASS,,,20250426_23-03-42.TXT
2025-04-26T18:32:47.452000,beacon,,,PASS,,,20250426_23-03-42.TXT
2025-04-26T18:33:02.321000,beacon,,,PASS,,,20250426_23-03-42.TXT
2025-04-26T18:33:02.497000,beacon,,,PASS,,,20250426_23-03-42.TXT
2025-04-26T18:33:02.607000,beacon,,,PASS,,,20250426_23-03-42.TXT
2025-04-26T18:33:17.316000,beacon,,,PASS,,,20250426_23-03-42.TXT
2025-04-26T18:33:17.469000,beacon,,,PASS,,,20250426_23-03-42.TXT
2025-04-26T18:33:32.321000,beacon,,,PASS,,,20250426_23-03-42.TXT
2025-04-26T18:33:32.522000,beacon,,,PASS,,,20250426_23-03-42.TXT
2025-04-26T18:33:32.554000,beacon,,,PASS,,,20250426_23-03-42.TXT
2025-04-26T18:33:47.326000,beacon,,,PASS,,,20250426_23-03-42.TXT
2025-04-26T18:33:47.422000,beacon,,,PASS,,,20250426_23-03-42.TXT
2025-04-26T18:34:02.311000,beacon,,,PASS,,,20250426_23-03-42.TXT
2025-04-26T18:34:02.451000,beacon,,,PASS,,,20250426_23-03-42.TXT
2025-04-26T18:34:17.320000,beacon,,,PASS,,,20250426_23-03-42.TXT
2025-04-26T18:34:17.404000,beacon,,,PASS,,,20250426_23-03-42.TXT
2025-04-26T18:34:32.320000,beacon,,,PASS,,,20250426_23-03-42.TXT
2025-04-26T18:34:32.437000,beacon,,,PASS,,,20250426_23-03-42.TXT
2025-04-26T18:40:45.319000,beacon,-91,-11,FAIL,,,20250426_23-03-42.TXT
2025-04-26T18:40:45.367000,beacon,,,PASS,,,20250426_23-03-42.TXT
2025-04-26T18:41:00.288000,beacon,,,PASS,,,20250426_23-03-42.TXT
2025-04-26T18:41:00.352000,beacon,,,PASS,,,20250426_23-03-42.TXT
2025-04-26T18:41:15.283000,beacon,,,PASS,,,20250426_23-03-42.TXT
2025-04-26T18:41:15.363000,beacon,,,PASS,,,20250426_23-03-42.TXT
2025-04-26T18:41:30.285000,beacon,,,PASS,,,20250426_23-03-42.TXT
2025-04-26T18:41:30.439000,beacon,,,PASS,,,20250426_23-03-42.TXT
2025-04-26T18:41:45.291000,beacon,,,PASS,,,20250426_23-03-42.TXT
2025-04-26T18:41:45.424000,beacon,,,PASS,,,20250426_23-03-42.TXT
2025-04-26T18:42:00.292000,beacon,,,PASS,,,20250426_23-03-42.TXT
2025-04-26T18:42:00.420000,beacon,,,PASS,,,20250426_23-03-42.TXT
2025-04-26T18:42:15.288000,beacon,,,PASS,,,20250426_23-03-42.TXT
2025-04-26T18:42:15.441000,beacon,,,PASS,,,20250426_23-03-42.TXT
2025-04-26T18:42:30.277000,beacon,,,PASS,,,20250426_23-03-42.TXT
2025-04-26T18:42:30.404000,beacon,,,PASS,,,20250426_23-03-42.TXT
2025-04-26T18:42:45.287000,beacon,,,PASS,,,20250426_23-03-42.TXT
2025-04-26T18:42:45.441000,beacon,-92,-13,FAIL,,,20250426_23-03-42.TXT
2025-04-26T18:44:00.278000,beacon,,,PASS,,,20250426_23-03-42.TXT
2025-04-26T18:44:30.283000,beacon,,,PASS,,,20250426_23-03-42.TXT
2025-04-26T18:44:30.358000,beacon,,,PASS,,,20250426_23-03-42.TXT
2025-04-26T19:28:00.203000,beacon,-92,-13,FAIL,,,20250426_23-03-42.TXT
2025-04-26T19:29:00.204000,beacon,-91,-15,FAIL,,,20250426_23-03-42.TXT
2025-04-26T19:29:45.178000,beacon,,,PASS,,,20250426_23-03-42.TXT
2025-04-26T19:29:45.227000,beacon,,,PASS,,,20250426_23-03-42.TXT
2025-04-26T19:29:50.989000,Tx,,,,00204261900001,,20250426_23-03-42.TXT
2025-04-26T19:29:52.732000,Tx,,,,00204261900002,,20250426_23-03-42.TXT
2025-04-26T19:29:54.477000,Tx,,,,00204261900003,,20250426_23-03-42.TXT
2025-04-26T19:29:56.206000,Tx,,,,00204261900004,,20250426_23-03-42.TXT
2025-04-26T19:29:57.950000,Tx,,,,00204261900005,,20250426_23-03-42.TXT
2025-04-26T19:30:00.176000,beacon,,,PASS,,,20250426_23-03-42.TXT
2025-04-26T19:30:00.239000,beacon,,,PASS,,,20250426_23-03-42.TXT
2025-04-26T19:30:05.623000,ACK,,,,,2446,20250426_23-03-42.TXT
2025-04-26T19:30:05.623000,ACK,,,,,2447,20250426_23-03-42.TXT
2025-04-26T19:30:05.623000,ACK,,,,,2448,20250426_23-03-42.TXT
2025-04-26T19:30:05.623000,ACK,,,,,2449,20250426_23-03-42.TXT
2025-04-26T19:30:05.623000,ACK,,,,,2450,20250426_23-03-42.TXT
2025-04-26T19:30:05.991000,Tx,,,,00204261900006,,20250426_23-03-42.TXT
2025-04-26T19:30:07.737000,Tx,,,,00204261900007,,20250426_23-03-42.TXT
2025-04-26T19:30:09.463000,Tx,,,,00204261900008,,20250426_23-03-42.TXT
2025-04-26T19:30:11.209000,Tx,,,,00204261900009,,20250426_23-03-42.TXT
2025-04-26T19:30:12.955000,Tx,,,,00204261900010,,20250426_23-03-42.TXT
2025-04-26T19:30:15.178000,beacon,,,PASS,,,20250426_23-03-42.TXT
2025-04-26T19:30:15.281000,beacon,,,PASS,,,20250426_23-03-42.TXT
2025-04-26T19:30:20.623000,ACK,,,,,2451,20250426_23-03-42.TXT
2025-04-26T19:30:20.623000,ACK,,,,,2452,20250426_23-03-42.TXT
2025-04-26T19:30:20.623000,ACK,,,,,2453,20250426_23-03-42.TXT
2025-04-26T19:30:20.623000,ACK,,,,,2454,20250426_23-03-42.TXT
2025-04-26T19:30:20.623000,ACK,,,,,2455,20250426_23-03-42.TXT
2025-04-26T19:30:20.992000,Tx,,,,00204261900011,,20250426_23-03-42.TXT
2025-04-26T19:30:22.736000,Tx,,,,00204261900012,,20250426_23-03-42.TXT
2025-04-26T19:30:24.465000,Tx,,,,00204261900013,,20250426_23-03-42.TXT
2025-04-26T19:30:26.210000,Tx,,,,00204261900014,,20250426_23-03-42.TXT
2025-04-26T19:30:27.941000,Tx,,,,00204261900015,,20250426_23-03-42.TXT
2025-04-26T19:32:45.199000,beacon,-92,-15,FAIL,,,20250426_23-03-42.TXT
2025-04-26T19:46:49.143000,beacon,,,PASS,,,20250426_23-03-42.TXT
2025-04-26T19:46:49.212000,beacon,,,PASS,,,20250426_23-03-42.TXT
2025-04-26T19:46:54.975000,Tx,,,,00204261900011,,20250426_23-03-42.TXT
2025-04-26T19:46:56.704000,Tx,,,,00204261900012,,20250426_23-03-42.TXT
2025-04-26T19:46:58.450000,Tx,,,,00204261900013,,20250426_23-03-42.TXT
2025-04-26T19:47:00.176000,Tx,,,,00204261900014,,20250426_23-03-42.TXT
2025-04-26T19:47:01.921000,Tx,,,,00204261900015,,20250426_23-03-42.TXT
2025-04-26T19:48:19.171000,beacon,-92,-16,FAIL,,,20250426_23-03-42.TXT
2025-04-26T19:56:30.130000,beacon,,,PASS,,,20250426_23-03-42.TXT
2025-04-26T19:56:30.215000,beacon,,,PASS,,,20250426_23-03-42.TXT
2025-04-26T19:56:35.961000,Tx,,,,00204261900011,,20250426_23-03-42.TXT
2025-04-26T19:56:37.690000,Tx,,,,00204261900012,,20250426_23-03-42.TXT
2025-04-26T19:56:39.435000,Tx,,,,00204261900013,,20250426_23-03-42.TXT
2025-04-26T19:56:41.162000,Tx,,,,00204261900014,,20250426_23-03-42.TXT
2025-04-26T19:56:42.909000,Tx,,,,00204261900015,,20250426_23-03-42.TXT
2025-04-26T19:56:45.165000,beacon,-92,-14,FAIL,,,20250426_23-03-42.TXT
2025-04-26T19:56:45.318000,beacon,-92,-15,FAIL,,,20250426_23-03-42.TXT
2025-04-26T19:56:45.398000,beacon,-92,-14,FAIL,,,20250426_23-03-42.TXT
2025-04-26T19:56:45.541000,beacon,-92,-14,FAIL,,,20250426_23-03-42.TXT
2025-04-26T19:57:00.136000,beacon,,,PASS,,,20250426_23-03-42.TXT
2025-04-26T19:57:00.205000,beacon,-92,-13,FAIL,,,20250426_23-03-42.TXT
2025-04-26T19:57:00.283000,beacon,,,PASS,,,20250426_23-03-42.TXT
2025-04-26T19:57:00.429000,beacon,,,PASS,,,20250426_23-03-42.TXT
2025-04-26T19:57:00.523000,beacon,,,PASS,,,20250426_23-03-42.TXT
2025-04-26T19:57:05.947000,Tx,,,,00204261900011,,20250426_23-03-42.TXT
2025-04-26T19:57:07.692000,Tx,,,,00204261900012,,20250426_23-03-42.TXT
2025-04-26T19:57:09.438000,Tx,,,,00204261900013,,20250426_23-03-42.TXT
2025-04-26T19:57:11.164000,Tx,,,,00204261900014,,20250426_23-03-42.TXT
2025-04-26T19:57:12.909000,Tx,,,,00204261900015,,20250426_23-03-42.TXT
2025-04-26T19:57:15.134000,beacon,,,PASS,,,20250426_23-03-42.TXT
2025-04-26T19:57:15.231000,beacon,,,PASS,,,20250426_23-03-42.TXT
2025-04-26T19:57:20.580000,ACK,,,,,2456,20250426_23-03-42.TXT
2025-04-26T19:57:20.580000,ACK,,,,,2457,20250426_23-03-42.TXT
2025-04-26T19:57:20.580000,ACK,,,,,2458,20250426_23-03-42.TXT
2025-04-26T19:57:20.580000,ACK,,,,,2459,20250426_23-03-42.TXT
2025-04-26T19:57:20.580000,ACK,,,,,2460,20250426_23-03-42.TXT
2025-04-26T19:57:20.949000,Tx,,,,00204261900016,,20250426_23-03-42.TXT
2025-04-26T19:57:22.693000,Tx,,,,00204261900017,,20250426_23-03-42.TXT
2025-04-26T19:57:24.438000,Tx,,,,00204261900018,,20250426_23-03-42.TXT
2025-04-26T19:57:26.165000,Tx,,,,00204261900019,,20250426_23-03-42.TXT
2025-04-26T19:57:27.910000,Tx,,,,00204261900020,,20250426_23-03-42.TXT
2025-04-26T19:57:30.159000,beacon,-92,-15,FAIL,,,20250426_23-03-42.TXT
2025-04-26T19:57:45.164000,beacon,-92,-13,FAIL,,,20250426_23-03-42.TXT
2025-04-26T19:58:15.157000,beacon,-92,-13,FAIL,,,20250426_23-03-42.TXT
2025-04-26T20:13:04.178000,beacon,-92,-14,FAIL,,,20250426_23-03-42.TXT
2025-04-26T20:13:34.106000,beacon,,,PASS,,,20250426_23-03-42.TXT
2025-04-26T20:13:34.212000,beacon,,,PASS,,,20250426_23-03-42.TXT
2025-04-26T20:13:39.926000,Tx,,,,00204261900016,,20250426_23-03-42.TXT
2025-04-26T20:13:41.672000,Tx,,,,00204261900017,,20250426_23-03-42.TXT
2025-04-26T20:13:43.416000,Tx,,,,00204261900018,,20250426_23-03-42.TXT
2025-04-26T20:13:45.148000,Tx,,,,00204261900019,,20250426_23-03-42.TXT
2025-04-26T20:13:46.891000,Tx,,,,00204261900020,,20250426_23-03-42.TXT
2025-04-26T20:13:49.115000,beacon,,,PASS,,,20250426_23-03-42.TXT
2025-04-26T20:13:49.207000,beacon,,,PASS,,,20250426_23-03-42.TXT
2025-04-26T20:13:54.552000,ACK,,,,,2461,20250426_23-03-42.TXT
2025-04-26T20:13:54.552000,ACK,,,,,2462,20250426_23-03-42.TXT
2025-04-26T20:13:54.552000,ACK,,,,,2463,20250426_23-03-42.TXT
2025-04-26T20:13:54.552000,ACK,,,,,2464,20250426_23-03-42.TXT
2025-04-26T20:13:54.552000,ACK,,,,,2465,20250426_23-03-42.TXT
2025-04-26T20:13:54.938000,Tx,,,,00204261900021,,20250426_23-03-42.TXT
2025-04-26T20:13:56.666000,Tx,,,,00204261900022,,20250426_23-03-42.TXT
2025-04-26T20:13:58.410000,Tx,,,,00204261900023,,20250426_23-03-42.TXT
2025-04-26T20:14:00.140000,Tx,,,,00204261900024,,20250426_23-03-42.TXT
2025-04-26T20:14:01.885000,Tx,,,,00204261900025,,20250426_23-03-42.TXT
2025-04-26T20:14:04.109000,beacon,,,PASS,,,20250426_23-03-42.TXT
2025-04-26T20:14:04.190000,beacon,,,PASS,,,20250426_23-03-42.TXT
2025-04-26T20:14:09.558000,ACK,,,,,2466,20250426_23-03-42.TXT
2025-04-26T20:14:09.558000,ACK,,,,,2467,20250426_23-03-42.TXT
2025-04-26T20:14:09.558000,ACK,,,,,2468,20250426_23-03-42.TXT
2025-04-26T20:14:09.558000,ACK,,,,,2469,20250426_23-03-42.TXT
2025-04-26T20:14:09.558000,ACK,,,,,2470,20250426_23-03-42.TXT
2025-04-26T20:14:09.941000,Tx,,,,00204261900026,,20250426_23-03-42.TXT
2025-04-26T20:14:11.668000,Tx,,,,00204261900027,,20250426_23-03-42.TXT
2025-04-26T20:14:13.412000,Tx,,,,00204261900028,,20250426_23-03-42.TXT
2025-04-26T20:14:15.141000,Tx,,,,00204261900029,,20250426_23-03-42.TXT
2025-04-26T20:14:16.887000,Tx,,,,00204261900030,,20250426_23-03-42.TXT
2025-04-26T20:14:19.111000,beacon,,,PASS,,,20250426_23-03-42.TXT
2025-04-26T20:14:19.196000,beacon,,,PASS,,,20250426_23-03-42.TXT
2025-04-26T20:14:24.564000,ACK,,,,,2471,20250426_23-03-42.TXT
2025-04-26T20:14:24.564000,ACK,,,,,2472,20250426_23-03-42.TXT
2025-04-26T20:14:24.564000,ACK,,,,,2473,20250426_23-03-42.TXT
2025-04-26T20:14:24.564000,ACK,,,,,2474,20250426_23-03-42.TXT
2025-04-26T20:14:24.564000,ACK,,,,,2475,20250426_23-03-42.TXT
2025-04-26T20:14:24.929000,Tx,,,,00204261900031,,20250426_23-03-42.TXT
2025-04-26T20:14:26.671000,Tx,,,,00204261900032,,20250426_23-03-42.TXT
2025-04-26T20:14:28.416000,Tx,,,,00204261900033,,20250426_23-03-42.TXT
2025-04-26T20:14:30.144000,Tx,,,,00204261900034,,20250426_23-03-42.TXT
2025-04-26T20:14:31.890000,Tx,,,,00204261900035,,20250426_23-03-42.TXT
2025-04-26T20:14:34.116000,beacon,,,PASS,,,20250426_23-03-42.TXT
2025-04-26T20:14:34.240000,beacon,,,PASS,,,20250426_23-03-42.TXT
2025-04-26T20:14:39.554000,ACK,,,,,2476,20250426_23-03-42.TXT
2025-04-26T20:14:39.554000,ACK,,,,,2477,20250426_23-03-42.TXT
2025-04-26T20:14:39.554000,ACK,,,,,2478,20250426_23-03-42.TXT
2025-04-26T20:14:39.554000,ACK,,,,,2479,20250426_23-03-42.TXT
2025-04-26T20:14:39.554000,ACK,,,,,2480,20250426_23-03-42.TXT
2025-04-26T20:14:39.938000,Tx,,,,00204261900036,,20250426_23-03-42.TXT
2025-04-26T20:14:41.665000,Tx,,,,00204261900037,,20250426_23-03-42.TXT
2025-04-26T20:14:43.411000,Tx,,,,00204261900038,,20250426_23-03-42.TXT
2025-04-26T20:14:45.138000,Tx,,,,00204261900039,,20250426_23-03-42.TXT
2025-04-26T20:14:46.884000,Tx,,,,00204261900040,,20250426_23-03-42.TXT
2025-04-26T20:14:49.114000,beacon,,,PASS,,,20250426_23-03-42.TXT
2025-04-26T20:14:49.219000,beacon,,,PASS,,,20250426_23-03-42.TXT
2025-04-26T20:14:54.571000,ACK,,,,,2481,20250426_23-03-42.TXT
2025-04-26T20:14:54.571000,ACK,,,,,2482,20250426_23-03-42.TXT
2025-04-26T20:14:54.571000,ACK,,,,,2483,20250426_23-03-42.TXT
2025-04-26T20:14:54.571000,ACK,,,,,2484,20250426_23-03-42.TXT
2025-04-26T20:14:54.571000,ACK,,,,,2485,20250426_23-03-42.TXT
2025-04-26T20:14:54.932000,Tx,,,,00204261900041,,20250426_23-03-42.TXT
2025-04-26T20:14:56.683000,Tx,,,,00204261900042,,20250426_23-03-42.TXT
2025-04-26T20:14:58.406000,Tx,,,,00204261900043,,20250426_23-03-42.TXT
2025-04-26T20:15:00.150000,Tx,,,,00204261900044,,20250426_23-03-42.TXT
2025-04-26T20:15:01.877000,Tx,,,,00204261900045,,20250426_23-03-42.TXT
2025-04-26T20:15:04.103000,beacon,,,PASS,,,20250426_23-03-42.TXT
2025-04-26T20:15:09.929000,Tx,,,,00204261900041,,20250426_23-03-42.TXT
2025-04-26T20:15:11.673000,Tx,,,,00204261900042,,20250426_23-03-42.TXT
2025-04-26T20:15:13.402000,Tx,,,,00204261900043,,20250426_23-03-42.TXT
2025-04-26T20:15:15.147000,Tx,,,,00204261900044,,20250426_23-03-42.TXT
2025-04-26T20:15:16.891000,Tx,,,,00204261900045,,20250426_23-03-42.TXT
2025-04-26T20:40:04.076000,beacon,,,PASS,,,20250426_23-03-42.TXT
2025-04-26T20:40:04.187000,beacon,,,PASS,,,20250426_23-03-42.TXT
2025-04-26T20:40:09.900000,Tx,,,,00204261900041,,20250426_23-03-42.TXT
2025-04-26T20:40:11.645000,Tx,,,,00204261900042,,20250426_23-03-42.TXT
2025-04-26T20:40:13.374000,Tx,,,,00204261900043,,20250426_23-03-42.TXT
2025-04-26T20:40:15.117000,Tx,,,,00204261900044,,20250426_23-03-42.TXT
2025-04-26T20:40:16.846000,Tx,,,,00204261900045,,20250426_23-03-42.TXT
2025-04-26T20:40:34.081000,beacon,,,PASS,,,20250426_23-03-42.TXT
2025-04-26T20:40:34.215000,beacon,,,PASS,,,20250426_23-03-42.TXT
2025-04-26T20:40:39.896000,Tx,,,,00204261900041,,20250426_23-03-42.TXT
2025-04-26T20:40:41.641000,Tx,,,,00204261900042,,20250426_23-03-42.TXT
2025-04-26T20:40:43.385000,Tx,,,,00204261900043,,20250426_23-03-42.TXT
2025-04-26T20:40:45.113000,Tx,,,,00204261900044,,20250426_23-03-42.TXT
2025-04-26T20:40:46.857000,Tx,,,,00204261900045,,20250426_23-03-42.TXT
2025-04-26T20:41:49.081000,beacon,,,PASS,,,20250426_23-03-42.TXT
2025-04-26T20:41:49.159000,beacon,,,PASS,,,20250426_23-03-42.TXT
2025-04-26T20:41:54.905000,Tx,,,,00204261900041,,20250426_23-03-42.TXT
2025-04-26T20:41:56.633000,Tx,,,,00204261900042,,20250426_23-03-42.TXT
2025-04-26T20:41:58.377000,Tx,,,,00204261900043,,20250426_23-03-42.TXT
2025-04-26T20:42:00.122000,Tx,,,,00204261900044,,20250426_23-03-42.TXT
2025-04-26T20:42:01.851000,Tx,,,,00204261900045,,20250426_23-03-42.TXT
2025-04-26T20:42:04.171000,beacon,-90,-15,FAIL,,,20250426_23-03-42.TXT
2025-04-26T21:07:19.240000,beacon,-92,-13,FAIL,,,20250426_23-03-42.TXT
2025-04-26T21:08:04.056000,beacon,,,PASS,,,20250426_23-03-42.TXT
2025-04-26T21:08:09.877000,Tx,,,,00204261900041,,20250426_23-03-42.TXT
2025-04-26T21:08:11.605000,Tx,,,,00204261900042,,20250426_23-03-42.TXT
2025-04-26T21:08:13.351000,Tx,,,,00204261900043,,20250426_23-03-42.TXT
2025-04-26T21:08:15.095000,Tx,,,,00204261900044,,20250426_23-03-42.TXT
2025-04-26T21:08:16.822000,Tx,,,,00204261900045,,20250426_23-03-42.TXT
2025-04-26T21:08:19.050000,beacon,,,PASS,,,20250426_23-03-42.TXT
2025-04-26T21:08:19.211000,beacon,,,PASS,,,20250426_23-03-42.TXT
2025-04-26T21:08:24.508000,ACK,,,,,2486,20250426_23-03-42.TXT
2025-04-26T21:08:24.508000,ACK,,,,,2487,20250426_23-03-42.TXT
2025-04-26T21:08:24.508000,ACK,,,,,2488,20250426_23-03-42.TXT
2025-04-26T21:08:24.508000,ACK,,,,,2489,20250426_23-03-42.TXT
2025-04-26T21:08:24.508000,ACK,,,,,2490,20250426_23-03-42.TXT
2025-04-26T21:08:24.877000,Tx,,,,00204261900046,,20250426_23-03-42.TXT
2025-04-26T21:08:26.605000,Tx,,,,00204261900047,,20250426_23-03-42.TXT
2025-04-26T21:08:28.352000,Tx,,,,00204261900048,,20250426_23-03-42.TXT
2025-04-26T21:08:30.097000,Tx,,,,00204261900049,,20250426_23-03-42.TXT
2025-04-26T21:08:31.823000,Tx,,,,00204261900050,,20250426_23-03-42.TXT
2025-04-26T21:08:34.048000,beacon,,,PASS,,,20250426_23-03-42.TXT
2025-04-26T21:08:34.191000,beacon,,,PASS,,,20250426_23-03-42.TXT
2025-04-26T21:08:39.505000,ACK,,,,,2491,20250426_23-03-42.TXT
2025-04-26T21:08:39.505000,ACK,,,,,2492,20250426_23-03-42.TXT
2025-04-26T21:08:39.505000,ACK,,,,,2493,20250426_23-03-42.TXT
2025-04-26T21:08:39.505000,ACK,,,,,2494,20250426_23-03-42.TXT
2025-04-26T21:08:39.505000,ACK,,,,,2495,20250426_23-03-42.TXT
2025-04-26T21:08:39.873000,Tx,,,,00204261900051,,20250426_23-03-42.TXT
2025-04-26T21:08:41.616000,Tx,,,,00204261900052,,20250426_23-03-42.TXT
2025-04-26T21:08:43.344000,Tx,,,,00204261900053,,20250426_23-03-42.TXT
2025-04-26T21:08:45.090000,Tx,,,,00204261900054,,20250426_23-03-42.TXT
2025-04-26T21:08:46.834000,Tx,,,,00204261900055,,20250426_23-03-42.TXT
2025-04-26T21:08:49.177000,beacon,-91,-17,FAIL,,,20250426_23-03-42.TXT
2025-04-26T21:09:04.078000,beacon,-92,-15,FAIL,,,20250426_23-03-42.TXT
2025-04-26T21:09:19.058000,beacon,,,PASS,,,20250426_23-03-42.TXT
2025-04-26T21:09:19.122000,beacon,,,PASS,,,20250426_23-03-42.TXT
2025-04-26T21:09:24.868000,Tx,,,,00204261900051,,20250426_23-03-42.TXT
2025-04-26T21:09:26.611000,Tx,,,,00204261900052,,20250426_23-03-42.TXT
2025-04-26T21:09:28.357000,Tx,,,,00204261900053,,20250426_23-03-42.TXT
2025-04-26T21:09:30.083000,Tx,,,,00204261900054,,20250426_23-03-42.TXT
2025-04-26T21:09:31.830000,Tx,,,,00204261900055,,20250426_23-03-42.TXT
2025-04-26T21:09:34.079000,beacon,-92,-15,FAIL,,,20250426_23-03-42.TXT
2025-04-26T21:09:49.059000,beacon,,,PASS,,,20250426_23-03-42.TXT
2025-04-26T21:09:49.139000,beacon,,,PASS,,,20250426_23-03-42.TXT
2025-04-26T21:09:54.867000,Tx,,,,00204261900051,,20250426_23-03-42.TXT
2025-04-26T21:09:56.613000,Tx,,,,00204261900052,,20250426_23-03-42.TXT
2025-04-26T21:09:58.357000,Tx,,,,00204261900053,,20250426_23-03-42.TXT
2025-04-26T21:10:00.086000,Tx,,,,00204261900054,,20250426_23-03-42.TXT
2025-04-26T21:10:01.830000,Tx,,,,00204261900055,,20250426_23-03-42.TXT
2025-04-26T21:10:04.057000,beacon,,,PASS,,,20250426_23-03-42.TXT
2025-04-26T21:10:04.159000,beacon,-92,-15,FAIL,,,20250426_23-03-42.TXT
2025-04-26T21:10:09.872000,Tx,,,,00204261900051,,20250426_23-03-42.TXT
2025-04-26T21:10:11.617000,Tx,,,,00204261900052,,20250426_23-03-42.TXT
2025-04-26T21:10:13.345000,Tx,,,,00204261900053,,20250426_23-03-42.TXT
2025-04-26T21:10:15.089000,Tx,,,,00204261900054,,20250426_23-03-42.TXT
2025-04-26T21:10:16.819000,Tx,,,,00204261900055,,20250426_23-03-42.TXT
2025-04-26T21:10:49.116000,beacon,,,PASS,,,20250426_23-03-42.TXT
2025-04-26T21:11:49.140000,beacon,-92,-16,FAIL,,,20250426_23-03-42.TXT
2025-04-26T21:31:04.040000,beacon,,,PASS,,,20250426_23-03-42.TXT
2025-04-26T21:31:04.128000,beacon,,,PASS,,,20250426_23-03-42.TXT
2025-04-26T21:31:09.857000,Tx,,,,00204261900051,,20250426_23-03-42.TXT
2025-04-26T21:31:11.602000,Tx,,,,00204261900052,,20250426_23-03-42.TXT
2025-04-26T21:31:13.330000,Tx,,,,00204261900053,,20250426_23-03-42.TXT
2025-04-26T21:31:15.073000,Tx,,,,00204261900054,,20250426_23-03-42.TXT
2025-04-26T21:31:16.803000,Tx,,,,00204261900055,,20250426_23-03-42.TXT
2025-04-26T21:31:19.155000,beacon,-91,-15,FAIL,,,20250426_23-03-42.TXT
2025-04-26T21:31:34.061000,beacon,-92,-14,FAIL,,,20250426_23-03-42.TXT
2025-04-26T21:31:49.029000,beacon,,,PASS,,,20250426_23-03-42.TXT
2025-04-26T21:31:49.123000,beacon,,,PASS,,,20250426_23-03-42.TXT
2025-04-26T21:31:54.860000,Tx,,,,00204261900051,,20250426_23-03-42.TXT
2025-04-26T21:31:56.587000,Tx,,,,00204261900052,,20250426_23-03-42.TXT
2025-04-26T21:31:58.333000,Tx,,,,00204261900053,,20250426_23-03-42.TXT
2025-04-26T21:32:00.076000,Tx,,,,00204261900054,,20250426_23-03-42.TXT
2025-04-26T21:32:01.806000,Tx,,,,00204261900055,,20250426_23-03-42.TXT
2025-04-26T21:32:04.032000,beacon,,,PASS,,,20250426_23-03-42.TXT
2025-04-26T21:32:04.095000,beacon,,,PASS,,,20250426_23-03-42.TXT
2025-04-26T21:32:09.479000,ACK,,,,,2496,20250426_23-03-42.TXT
2025-04-26T21:32:09.479000,ACK,,,,,2497,20250426_23-03-42.TXT
2025-04-26T21:32:09.479000,ACK,,,,,2498,20250426_23-03-42.TXT
2025-04-26T21:32:09.479000,ACK,,,,,2499,20250426_23-03-42.TXT
2025-04-26T21:32:09.479000,ACK,,,,,2500,20250426_23-03-42.TXT
2025-04-26T21:32:09.848000,Tx,,,,00204261900056,,20250426_23-03-42.TXT
2025-04-26T21:32:11.596000,Tx,,,,00204261900057,,20250426_23-03-42.TXT
2025-04-26T21:32:13.337000,Tx,,,,00204261900058,,20250426_23-03-42.TXT
2025-04-26T21:32:15.065000,Tx,,,,00204261900059,,20250426_23-03-42.TXT
2025-04-26T21:32:16.811000,Tx,,,,00204261900060,,20250426_23-03-42.TXT
2025-04-26T21:32:19.035000,beacon,,,PASS,,,20250426_23-03-42.TXT
2025-04-26T21:32:19.126000,beacon,,,PASS,,,20250426_23-03-42.TXT
2025-04-26T21:32:24.487000,ACK,,,,,2501,20250426_23-03-42.TXT
2025-04-26T21:32:24.487000,ACK,,,,,2502,20250426_23-03-42.TXT
2025-04-26T21:32:24.487000,ACK,,,,,2503,20250426_23-03-42.TXT
2025-04-26T21:32:24.487000,ACK,,,,,2504,20250426_23-03-42.TXT
2025-04-26T21:32:24.487000,ACK,,,,,2505,20250426_23-03-42.TXT
2025-04-26T21:32:24.855000,Tx,,,,00204261900061,,20250426_23-03-42.TXT
2025-04-26T21:32:26.599000,Tx,,,,00204261900062,,20250426_23-03-42.TXT
2025-04-26T21:32:28.330000,Tx,,,,00204261900063,,20250426_23-03-42.TXT
2025-04-26T21:32:30.072000,Tx,,,,00204261900064,,20250426_23-03-42.TXT
2025-04-26T21:32:31.801000,Tx,,,,00204261900065,,20250426_23-03-42.TXT
2025-04-26T21:32:34.025000,beacon,,,PASS,,,20250426_23-03-42.TXT
2025-04-26T21:32:39.853000,Tx,,,,00204261900061,,20250426_23-03-42.TXT
2025-04-26T21:32:41.599000,Tx,,,,00204261900062,,20250426_23-03-42.TXT
2025-04-26T21:32:43.326000,Tx,,,,00204261900063,,20250426_23-03-42.TXT
2025-04-26T21:32:45.071000,Tx,,,,00204261900064,,20250426_23-03-42.TXT
2025-04-26T21:32:46.799000,Tx,,,,00204261900065,,20250426_23-03-42.TXT
2025-04-26T21:32:49.062000,beacon,-91,-7,FAIL,,,20250426_23-03-42.TXT
2025-04-26T21:32:49.124000,beacon,-92,-14,FAIL,,,20250426_23-03-42.TXT
2025-04-26T21:33:04.060000,beacon,-92,-15,FAIL,,,20250426_23-03-42.TXT
2025-04-26T21:33:04.131000,beacon,-92,-15,FAIL,,,20250426_23-03-42.TXT
2025-04-26T21:33:19.063000,beacon,-92,-12,FAIL,,,20250426_23-03-42.TXT
2025-04-26T21:33:19.112000,beacon,-92,-17,FAIL,,,20250426_23-03-42.TXT
2025-04-26T21:33:34.059000,beacon,-92,-9,FAIL,,,20250426_23-03-42.TXT
2025-04-26T21:33:49.128000,beacon,-92,-17,FAIL,,,20250426_23-03-42.TXT
2025-04-26T21:35:19.036000,beacon,,,PASS,,,20250426_23-03-42.TXT
2025-04-26T21:35:19.083000,beacon,,,PASS,,,20250426_23-03-42.TXT
2025-04-26T21:35:24.844000,Tx,,,,00204261900061,,20250426_23-03-42.TXT
2025-04-26T21:35:26.590000,Tx,,,,00204261900062,,20250426_23-03-42.TXT
2025-04-26T21:35:28.335000,Tx,,,,00204261900063,,20250426_23-03-42.TXT
2025-04-26T21:35:30.065000,Tx,,,,00204261900064,,20250426_23-03-42.TXT
2025-04-26T21:35:31.808000,Tx,,,,00204261900065,,20250426_23-03-42.TXT
2025-04-26T21:35:34.031000,beacon,,,PASS,,,20250426_23-03-42.TXT
2025-04-26T21:35:34.110000,beacon,,,PASS,,,20250426_23-03-42.TXT
2025-04-26T21:35:39.473000,ACK,,,,,2506,20250426_23-03-42.TXT
2025-04-26T21:35:39.473000,ACK,,,,,2507,20250426_23-03-42.TXT
2025-04-26T21:35:39.473000,ACK,,,,,2508,20250426_23-03-42.TXT
2025-04-26T21:35:39.473000,ACK,,,,,2509,20250426_23-03-42.TXT
2025-04-26T21:35:39.473000,ACK,,,,,2510,20250426_23-03-42.TXT
2025-04-26T21:35:39.855000,Tx,,,,00204261900066,,20250426_23-03-42.TXT
2025-04-26T21:35:41.586000,Tx,,,,00204261900067,,20250426_23-03-42.TXT
2025-04-26T21:35:43.332000,Tx,,,,00204261900068,,20250426_23-03-42.TXT
2025-04-26T21:35:45.059000,Tx,,,,00204261900069,,20250426_23-03-42.TXT
2025-04-26T21:35:46.802000,Tx,,,,00204261900070,,20250426_23-03-42.TXT
2025-04-26T21:35:49.060000,beacon,-92,-13,FAIL,,,20250426_23-03-42.TXT
2025-04-26T21:36:04.058000,beacon,-92,-15,FAIL,,,20250426_23-03-42.TXT
2025-04-26T21:36:19.023000,beacon,,,PASS,,,20250426_23-03-42.TXT
2025-04-26T21:36:24.848000,Tx,,,,00204261900066,,20250426_23-03-42.TXT
2025-04-26T21:36:26.593000,Tx,,,,00204261900067,,20250426_23-03-42.TXT
2025-04-26T21:36:28.322000,Tx,,,,00204261900068,,20250426_23-03-42.TXT
2025-04-26T21:36:30.067000,Tx,,,,00204261900069,,20250426_23-03-42.TXT
2025-04-26T21:36:31.796000,Tx,,,,00204261900070,,20250426_23-03-42.TXT
2025-04-26T21:36:34.039000,beacon,,,PASS,,,20250426_23-03-42.TXT
2025-04-26T21:36:34.100000,beacon,,,PASS,,,20250426_23-03-42.TXT
2025-04-26T21:36:39.479000,ACK,,,,,2511,20250426_23-03-42.TXT
2025-04-26T21:36:39.479000,ACK,,,,,2512,20250426_23-03-42.TXT
2025-04-26T21:36:39.479000,ACK,,,,,2513,20250426_23-03-42.TXT
2025-04-26T21:36:39.479000,ACK,,,,,2514,20250426_23-03-42.TXT
2025-04-26T21:36:39.479000,ACK,,,,,2515,20250426_23-03-42.TXT
2025-04-26T21:36:39.847000,Tx,,,,00204261900071,,20250426_23-03-42.TXT
2025-04-26T21:36:41.590000,Tx,,,,00204261900072,,20250426_23-03-42.TXT
2025-04-26T21:36:43.320000,Tx,,,,00204261900073,,20250426_23-03-42.TXT
2025-04-26T21:36:45.064000,Tx,,,,00204261900074,,20250426_23-03-42.TXT
2025-04-26T21:36:46.810000,Tx,,,,00204261900075,,20250426_23-03-42.TXT
2025-04-26T21:36:49.056000,beacon,-92,-13,FAIL,,,20250426_23-03-42.TXT
2025-04-26T21:37:04.056000,beacon,-92,-13,FAIL,,,20250426_23-03-42.TXT
2025-04-26T21:37:19.056000,beacon,-92,-16,FAIL,,,20250426_23-03-42.TXT
2025-04-26T21:39:19.055000,beacon,-92,-14,FAIL,,,20250426_23-03-42.TXT
2025-04-26T21:56:34.046000,beacon,-92,-14,FAIL,,,20250426_23-03-42.TXT
2025-04-26T21:56:49.048000,beacon,-91,-14,FAIL,,,20250426_23-03-42.TXT
2025-04-26T21:57:04.012000,beacon,,,PASS,,,20250426_23-03-42.TXT
2025-04-26T21:57:09.836000,Tx,,,,00204261900071,,20250426_23-03-42.TXT
2025-04-26T21:57:11.584000,Tx,,,,00204261900072,,20250426_23-03-42.TXT
2025-04-26T21:57:13.311000,Tx,,,,00204261900073,,20250426_23-03-42.TXT
2025-04-26T21:57:15.055000,Tx,,,,00204261900074,,20250426_23-03-42.TXT
2025-04-26T21:57:16.785000,Tx,,,,00204261900075,,20250426_23-03-42.TXT
2025-04-26T21:57:19.024000,beacon,,,PASS,,,20250426_23-03-42.TXT
2025-04-26T21:57:19.139000,beacon,,,PASS,,,20250426_23-03-42.TXT
2025-04-26T21:57:24.462000,ACK,,,,,2516,20250426_23-03-42.TXT
2025-04-26T21:57:24.462000,ACK,,,,,2517,20250426_23-03-42.TXT
2025-04-26T21:57:24.462000,ACK,,,,,2518,20250426_23-03-42.TXT
2025-04-26T21:57:24.462000,ACK,,,,,2519,20250426_23-03-42.TXT
2025-04-26T21:57:24.462000,ACK,,,,,2520,20250426_23-03-42.TXT
2025-04-26T21:57:24.830000,Tx,,,,00204261900076,,20250426_23-03-42.TXT
2025-04-26T21:57:26.575000,Tx,,,,00204261900077,,20250426_23-03-42.TXT
2025-04-26T21:57:28.320000,Tx,,,,00204261900078,,20250426_23-03-42.TXT
2025-04-26T21:57:30.049000,Tx,,,,00204261900079,,20250426_23-03-42.TXT
2025-04-26T21:57:31.793000,Tx,,,,00204261900080,,20250426_23-03-42.TXT
2025-04-26T21:58:19.013000,beacon,,,PASS,,,20250426_23-03-42.TXT
2025-04-26T21:58:19.086000,beacon,,,PASS,,,20250426_23-03-42.TXT
2025-04-26T21:58:24.833000,Tx,,,,00204261900076,,20250426_23-03-42.TXT
2025-04-26T21:58:26.577000,Tx,,,,00204261900077,,20250426_23-03-42.TXT
2025-04-26T21:58:28.304000,Tx,,,,00204261900078,,20250426_23-03-42.TXT
2025-04-26T21:58:30.051000,Tx,,,,00204261900079,,20250426_23-03-42.TXT
2025-04-26T21:58:31.794000,Tx,,,,00204261900080,,20250426_23-03-42.TXT
2025-04-26T21:58:34.020000,beacon,,,PASS,,,20250426_23-03-42.TXT
2025-04-26T21:58:34.142000,beacon,,,PASS,,,20250426_23-03-42.TXT
2025-04-26T21:58:39.458000,ACK,,,,,2521,20250426_23-03-42.TXT
2025-04-26T21:58:39.458000,ACK,,,,,2522,20250426_23-03-42.TXT
2025-04-26T21:58:39.458000,ACK,,,,,2523,20250426_23-03-42.TXT
2025-04-26T21:58:39.458000,ACK,,,,,2524,20250426_23-03-42.TXT
2025-04-26T21:58:39.458000,ACK,,,,,2525,20250426_23-03-42.TXT
2025-04-26T21:58:39.841000,Tx,,,,00204261900081,,20250426_23-03-42.TXT
2025-04-26T21:58:41.571000,Tx,,,,00204261900082,,20250426_23-03-42.TXT
2025-04-26T21:58:43.314000,Tx,,,,00204261900083,,20250426_23-03-42.TXT
2025-04-26T21:58:45.044000,Tx,,,,00204261900084,,20250426_23-03-42.TXT
2025-04-26T21:58:46.788000,Tx,,,,00204261900085,,20250426_23-03-42.TXT
2025-04-26T21:58:49.109000,beacon,-92,-14,FAIL,,,20250426_23-03-42.TXT
2025-04-26T21:59:19.013000,beacon,,,PASS,,,20250426_23-03-42.TXT
2025-04-26T21:59:19.078000,beacon,,,PASS,,,20250426_23-03-42.TXT
2025-04-26T21:59:24.838000,Tx,,,,00204261900081,,20250426_23-03-42.TXT
2025-04-26T21:59:26.569000,Tx,,,,00204261900082,,20250426_23-03-42.TXT
2025-04-26T21:59:28.311000,Tx,,,,00204261900083,,20250426_23-03-42.TXT
2025-04-26T21:59:30.043000,Tx,,,,00204261900084,,20250426_23-03-42.TXT
2025-04-26T21:59:31.787000,Tx,,,,00204261900085,,20250426_23-03-42.TXT
2025-04-26T21:59:34.010000,beacon,,,PASS,,,20250426_23-03-42.TXT
2025-04-26T21:59:34.119000,beacon,,,PASS,,,20250426_23-03-42.TXT
2025-04-26T21:59:39.466000,ACK,,,,,2526,20250426_23-03-42.TXT
2025-04-26T21:59:39.466000,ACK,,,,,2527,20250426_23-03-42.TXT
2025-04-26T21:59:39.466000,ACK,,,,,2528,20250426_23-03-42.TXT
2025-04-26T21:59:39.466000,ACK,,,,,2529,20250426_23-03-42.TXT
2025-04-26T21:59:39.466000,ACK,,,,,2530,20250426_23-03-42.TXT
2025-04-26T21:59:39.833000,Tx,,,,00204261900086,,20250426_23-03-42.TXT
2025-04-26T21:59:41.577000,Tx,,,,00204261900087,,20250426_23-03-42.TXT
2025-04-26T21:59:43.306000,Tx,,,,00204261900088,,20250426_23-03-42.TXT
2025-04-26T21:59:45.058000,Tx,,,,00204261900089,,20250426_23-03-42.TXT
2025-04-26T21:59:46.780000,Tx,,,,00204261900090,,20250426_23-03-42.TXT
2025-04-26T21:59:49.008000,beacon,,,PASS,,,20250426_23-03-42.TXT
2025-04-26T21:59:49.122000,beacon,,,PASS,,,20250426_23-03-42.TXT
2025-04-26T21:59:49.201000,beacon,,,PASS,,,20250426_23-03-42.TXT
2025-04-26T21:59:54.456000,ACK,,,,,2531,20250426_23-03-42.TXT
2025-04-26T21:59:54.456000,ACK,,,,,2532,20250426_23-03-42.TXT
2025-04-26T21:59:54.456000,ACK,,,,,2533,20250426_23-03-42.TXT
2025-04-26T21:59:54.456000,ACK,,,,,2534,20250426_23-03-42.TXT
2025-04-26T21:59:54.456000,ACK,,,,,2535,20250426_23-03-42.TXT
2025-04-26T21:59:54.825000,Tx,,,,00204261900091,,20250426_23-03-42.TXT
2025-04-26T21:59:56.569000,Tx,,,,00204261900092,,20250426_23-03-42.TXT
2025-04-26T21:59:58.314000,Tx,,,,00204261900093,,20250426_23-03-42.TXT
2025-04-26T22:00:00.042000,Tx,,,,00204261900094,,20250426_23-03-42.TXT
2025-04-26T22:00:01.788000,Tx,,,,00204261900095,,20250426_23-03-42.TXT
2025-04-26T22:00:04.011000,beacon,,,PASS,,,20250426_23-03-42.TXT
2025-04-26T22:00:04.142000,beacon,,,PASS,,,20250426_23-03-42.TXT
2025-04-26T22:00:09.466000,ACK,,,,,2536,20250426_23-03-42.TXT
2025-04-26T22:00:09.498000,ACK,,,,,2537,20250426_23-03-42.TXT
2025-04-26T22:00:09.498000,ACK,,,,,2538,20250426_23-03-42.TXT
2025-04-26T22:00:09.498000,ACK,,,,,2539,20250426_23-03-42.TXT
2025-04-26T22:00:09.528000,ACK,,,,,2540,20250426_23-03-42.TXT
2025-04-26T22:00:09.832000,Tx,,,,00204261900096,,20250426_23-03-42.TXT
2025-04-26T22:00:11.576000,Tx,,,,00204261900097,,20250426_23-03-42.TXT
2025-04-26T22:00:13.307000,Tx,,,,00204261900098,,20250426_23-03-42.TXT
2025-04-26T22:00:15.050000,Tx,,,,00204261900099,,20250426_23-03-42.TXT
2025-04-26T22:00:16.780000,Tx,,,,00204261900100,,20250426_23-03-42.TXT
2025-04-26T22:00:19.004000,beacon,,,PASS,,,20250426_23-03-42.TXT
2025-04-26T22:00:19.144000,beacon,,,PASS,,,20250426_23-03-42.TXT
2025-04-26T22:00:24.459000,ACK,,,,,2541,20250426_23-03-42.TXT
2025-04-26T22:00:24.459000,ACK,,,,,2542,20250426_23-03-42.TXT
2025-04-26T22:00:24.459000,ACK,,,,,2543,20250426_23-03-42.TXT
2025-04-26T22:00:24.459000,ACK,,,,,2544,20250426_23-03-42.TXT
2025-04-26T22:00:24.459000,ACK,,,,,2545,20250426_23-03-42.TXT
2025-04-26T22:00:34.012000,beacon,,,PASS,,,20250426_23-03-42.TXT
2025-04-26T22:00:34.131000,beacon,,,PASS,,,20250426_23-03-42.TXT
2025-04-26T22:00:49.017000,beacon,,,PASS,,,20250426_23-03-42.TXT
2025-04-26T22:00:49.096000,beacon,,,PASS,,,20250426_23-03-42.TXT
2025-04-26T22:01:04.003000,beacon,,,PASS,,,20250426_23-03-42.TXT
2025-04-26T22:01:04.130000,beacon,,,PASS,,,20250426_23-03-42.TXT
2025-04-26T22:01:19.016000,beacon,,,PASS,,,20250426_23-03-42.TXT
2025-04-26T22:01:19.066000,beacon,,,PASS,,,20250426_23-03-42.TXT
2025-04-26T22:01:34.013000,beacon,,,PASS,,,20250426_23-03-42.TXT
2025-04-26T22:01:34.103000,beacon,,,PASS,,,20250426_23-03-42.TXT
2025-04-26T22:01:49.004000,beacon,,,PASS,,,20250426_23-03-42.TXT
2025-04-26T22:01:49.097000,beacon,,,PASS,,,20250426_23-03-42.TXT
2025-04-26T22:02:19.037000,beacon,-92,-15,FAIL,,,20250426_23-03-42.TXT
2025-04-26T22:02:34.016000,beacon,,,PASS,,,20250426_23-03-42.TXT
2025-04-26T22:02:34.209000,beacon,-92,-17,FAIL,,,20250426_23-03-42.TXT
2025-04-26T22:02:49.184000,beacon,-92,-15,FAIL,,,20250426_23-03-42.TXT
2025-04-26T22:03:04.009000,beacon,,,PASS,,,20250426_23-03-42.TXT
2025-04-26T22:03:04.106000,beacon,,,PASS,,,20250426_23-03-42.TXT
2025-04-26T22:03:19.035000,beacon,-91,-13,FAIL,,,20250426_23-03-42.TXT
2025-04-26T22:03:34.034000,beacon,-92,-17,FAIL,,,20250426_23-03-42.TXT
2025-04-26T22:15:52.334000,generated_time,,,,00204262200031,,20250426_23-03-42.TXT
2025-04-26T22:15:52.334000,generated_time,,,,00204262200031,,20250426_23-03-42.TXT
2025-04-26T22:23:34.024000,beacon,-92,-14,FAIL,,,20250426_23-03-42.TXT
2025-04-26T22:24:04.023000,beacon,-92,-16,FAIL,,,20250426_23-03-42.TXT
2025-04-26T22:24:34.064000,beacon,-91,-15,FAIL,,,20250426_23-03-42.TXT
2025-04-26T22:25:03.992000,beacon,,,PASS,,,20250426_23-03-42.TXT
2025-04-26T22:25:04.056000,beacon,,,PASS,,,20250426_23-03-42.TXT
2025-04-26T22:25:09.819000,Tx,,,,00204262200001,,20250426_23-03-42.TXT
2025-04-26T22:25:11.546000,Tx,,,,00204262200002,,20250426_23-03-42.TXT
2025-04-26T22:25:13.291000,Tx,,,,00204262200003,,20250426_23-03-42.TXT
2025-04-26T22:25:15.035000,Tx,,,,00204262200004,,20250426_23-03-42.TXT
2025-04-26T22:25:16.764000,Tx,,,,00204262200005,,20250426_23-03-42.TXT
2025-04-26T22:25:33.986000,beacon,,,PASS,,,20250426_23-03-42.TXT
2025-04-26T22:25:39.813000,Tx,,,,00204262200001,,20250426_23-03-42.TXT
2025-04-26T22:25:41.557000,Tx,,,,00204262200002,,20250426_23-03-42.TXT
2025-04-26T22:25:43.285000,Tx,,,,00204262200003,,20250426_23-03-42.TXT
2025-04-26T22:25:45.029000,Tx,,,,00204262200004,,20250426_23-03-42.TXT
2025-04-26T22:25:46.775000,Tx,,,,00204262200005,,20250426_23-03-42.TXT
2025-04-26T22:25:48.999000,beacon,,,PASS,,,20250426_23-03-42.TXT
2025-04-26T22:25:49.074000,beacon,,,PASS,,,20250426_23-03-42.TXT
2025-04-26T22:25:54.435000,ACK,,,,,2546,20250426_23-03-42.TXT
2025-04-26T22:25:54.435000,ACK,,,,,2547,20250426_23-03-42.TXT
2025-04-26T22:25:54.435000,ACK,,,,,2548,20250426_23-03-42.TXT
2025-04-26T22:25:54.435000,ACK,,,,,2549,20250426_23-03-42.TXT
2025-04-26T22:25:54.435000,ACK,,,,,2550,20250426_23-03-42.TXT
2025-04-26T22:25:54.820000,Tx,,,,00204262200006,,20250426_23-03-42.TXT
2025-04-26T22:25:56.547000,Tx,,,,00204262200007,,20250426_23-03-42.TXT
2025-04-26T22:25:58.292000,Tx,,,,00204262200008,,20250426_23-03-42.TXT
2025-04-26T22:26:00.022000,Tx,,,,00204262200009,,20250426_23-03-42.TXT
2025-04-26T22:26:01.765000,Tx,,,,00204262200010,,20250426_23-03-42.TXT
2025-04-26T22:26:19.371000,beacon,,,PASS,,,20250426_23-03-42.TXT
2025-04-26T22:26:19.470000,beacon,,,PASS,,,20250426_23-03-42.TXT
2025-04-26T22:26:33.987000,beacon,,,PASS,,,20250426_23-03-42.TXT
2025-04-26T22:26:34.074000,beacon,,,PASS,,,20250426_23-03-42.TXT
2025-04-26T22:26:34.152000,beacon,,,PASS,,,20250426_23-03-42.TXT
2025-04-26T22:26:34.229000,beacon,,,PASS,,,20250426_23-03-42.TXT
2025-04-26T22:26:34.294000,beacon,,,PASS,,,20250426_23-03-42.TXT
2025-04-26T22:26:34.391000,beacon,,,PASS,,,20250426_23-03-42.TXT
2025-04-26T22:26:34.469000,beacon,,,PASS,,,20250426_23-03-42.TXT
2025-04-26T22:26:39.814000,Tx,,,,00204262200006,,20250426_23-03-42.TXT
2025-04-26T22:26:41.558000,Tx,,,,00204262200007,,20250426_23-03-42.TXT
2025-04-26T22:26:43.287000,Tx,,,,00204262200008,,20250426_23-03-42.TXT
2025-04-26T22:26:45.031000,Tx,,,,00204262200009,,20250426_23-03-42.TXT
2025-04-26T22:26:46.759000,Tx,,,,0020426,,20250426_23-03-42.TXT
2025-04-26T22:26:48.985000,beacon,,,PASS,,,20250426_23-03-42.TXT
2025-04-26T22:26:49.078000,beacon,,,PASS,,,20250426_23-03-42.TXT
2025-04-26T22:26:54.439000,ACK,,,,,2551,20250426_23-03-42.TXT
2025-04-26T22:26:54.439000,ACK,,,,,2552,20250426_23-03-42.TXT
2025-04-26T22:26:54.439000,ACK,,,,,2553,20250426_23-03-42.TXT
2025-04-26T22:26:54.439000,ACK,,,,,2554,20250426_23-03-42.TXT
2025-04-26T22:26:54.439000,ACK,,,,,2555,20250426_23-03-42.TXT
2025-04-26T22:26:54.807000,Tx,,,,00204262200011,,20250426_23-03-42.TXT
2025-04-26T22:26:56.553000,Tx,,,,00204262200012,,20250426_23-03-42.TXT
2025-04-26T22:26:58.302000,Tx,,,,00204262200013,,20250426_23-03-42.TXT
2025-04-26T22:27:00.025000,Tx,,,,00204262200014,,20250426_23-03-42.TXT
2025-04-26T22:27:01.769000,Tx,,,,00204262200015,,20250426_23-03-42.TXT
2025-04-26T22:27:18.991000,beacon,,,PASS,,,20250426_23-03-42.TXT
2025-04-26T22:27:19.083000,beacon,,,PASS,,,20250426_23-03-42.TXT
2025-04-26T22:27:24.812000,Tx,,,,00204262200011,,20250426_23-03-42.TXT
2025-04-26T22:27:26.558000,Tx,,,,00204262200012,,20250426_23-03-42.TXT
2025-04-26T22:27:28.306000,Tx,,,,00204262200013,,20250426_23-03-42.TXT
2025-04-26T22:27:30.031000,Tx,,,,00204262200014,,20250426_23-03-42.TXT
2025-04-26T22:27:31.759000,Tx,,,,00204262200015,,20250426_23-03-42.TXT
2025-04-26T22:27:34.017000,beacon,-91,-16,FAIL,,,20250426_23-03-42.TXT
2025-04-26T22:27:48.996000,beacon,,,PASS,,,20250426_23-03-42.TXT
2025-04-26T22:27:49.044000,beacon,,,PASS,,,20250426_23-03-42.TXT
2025-04-26T22:27:54.806000,Tx,,,,00204262200011,,20250426_23-03-42.TXT
2025-04-26T22:27:56.550000,Tx,,,,00204262200012,,20250426_23-03-42.TXT
2025-04-26T22:27:58.297000,Tx,,,,00204262200013,,20250426_23-03-42.TXT
2025-04-26T22:28:00.023000,Tx,,,,00204262200014,,20250426_23-03-42.TXT
2025-04-26T22:28:01.768000,Tx,,,,00204262200015,,20250426_23-03-42.TXT
2025-04-26T22:28:03.992000,beacon,,,PASS,,,20250426_23-03-42.TXT
2025-04-26T22:28:09.818000,Tx,,,,00204262200011,,20250426_23-03-42.TXT
2025-04-26T22:28:11.547000,Tx,,,,00204262200012,,20250426_23-03-42.TXT
2025-04-26T22:28:13.292000,Tx,,,,00204262200013,,20250426_23-03-42.TXT
2025-04-26T22:28:15.019000,Tx,,,,00204262200014,,20250426_23-03-42.TXT
2025-04-26T22:28:16.764000,Tx,,,,00204262200015,,20250426_23-03-42.TXT
2025-04-26T22:28:33.986000,beacon,,,PASS,,,20250426_23-03-42.TXT
2025-04-26T22:28:34.098000,beacon,,,PASS,,,20250426_23-03-42.TXT
2025-04-26T22:28:39.816000,Tx,,,,00204262200011,,20250426_23-03-42.TXT
2025-04-26T22:28:41.546000,Tx,,,,00204262200012,,20250426_23-03-42.TXT
2025-04-26T22:28:43.291000,Tx,,,,00204262200013,,20250426_23-03-42.TXT
2025-04-26T22:28:45.018000,Tx,,,,00204262200014,,20250426_23-03-42.TXT
2025-04-26T22:28:46.763000,Tx,,,,00204262200015,,20250426_23-03-42.TXT
2025-04-26T22:29:33.994000,beacon,,,PASS,,,20250426_23-03-42.TXT
2025-04-26T22:29:34.137000,beacon,,,PASS,,,20250426_23-03-42.TXT
2025-04-26T22:29:39.803000,Tx,,,,00204262200011,,20250426_23-03-42.TXT
2025-04-26T22:29:41.548000,Tx,,,,00204262200012,,20250426_23-03-42.TXT
2025-04-26T22:29:43.291000,Tx,,,,00204262200013,,20250426_23-03-42.TXT
2025-04-26T22:29:45.021000,Tx,,,,00204262200014,,20250426_23-03-42.TXT
2025-04-26T22:29:46.765000,Tx,,,,00204262200015,,20250426_23-03-42.TXT
2025-04-26T22:29:48.989000,beacon,,,PASS,,,20250426_23-03-42.TXT
2025-04-26T22:29:49.190000,beacon,,,PASS,,,20250426_23-03-42.TXT
2025-04-26T22:29:54.440000,ACK,,,,,2556,20250426_23-03-42.TXT
2025-04-26T22:29:54.440000,ACK,,,,,2557,20250426_23-03-42.TXT
2025-04-26T22:29:54.440000,ACK,,,,,2558,20250426_23-03-42.TXT
2025-04-26T22:29:54.440000,ACK,,,,,2559,20250426_23-03-42.TXT
2025-04-26T22:29:54.440000,ACK,,,,,2560,20250426_23-03-42.TXT
2025-04-26T22:29:54.808000,Tx,,,,00204262200016,,20250426_23-03-42.TXT
2025-04-26T22:29:56.552000,Tx,,,,00204262200017,,20250426_23-03-42.TXT
2025-04-26T22:29:58.302000,Tx,,,,00204262200018,,20250426_23-03-42.TXT
2025-04-26T22:30:00.025000,Tx,,,,00204262200019,,20250426_23-03-42.TXT
2025-04-26T22:30:01.770000,Tx,,,,00204262200020,,20250426_23-03-42.TXT
2025-04-26T22:30:04.014000,beacon,-90,-14,FAIL,,,20250426_23-03-42.TXT
2025-04-26T22:30:34.014000,beacon,-91,-15,FAIL,,,20250426_23-03-42.TXT
2025-04-26T22:30:49.086000,beacon,-91,-11,FAIL,,,20250426_23-03-42.TXT
2025-04-26T22:31:04.074000,beacon,-92,-15,FAIL,,,20250426_23-03-42.TXT
2025-04-26T22:31:19.015000,beacon,-90,-16,FAIL,,,20250426_23-03-42.TXT
2025-04-26T22:31:34.016000,beacon,-91,-16,FAIL,,,20250426_23-03-42.TXT
2025-04-26T22:54:48.998000,beacon,-93,-17,FAIL,,,20250426_23-03-42.TXT
2025-04-26T22:56:03.997000,beacon,-93,-15,FAIL,,,20250426_23-03-42.TXT
2025-04-27T11:29:49.488000,beacon,,,PASS,,,20250427_16-02-44.TXT
2025-04-27T11:29:49.591000,beacon,,,PASS,,,20250427_16-02-44.TXT
2025-04-27T11:29:55.312000,Tx,,,,00204262200016,,20250427_16-02-44.TXT
2025-04-27T11:29:57.054000,Tx,,,,00204262200017,,20250427_16-02-44.TXT
2025-04-27T11:29:58.796000,Tx,,,,00204262200018,,20250427_16-02-44.TXT
2025-04-27T11:30:00.522000,Tx,,,,00204262200019,,20250427_16-02-44.TXT
2025-04-27T11:30:02.264000,Tx,,,,00204262200020,,20250427_16-02-44.TXT
2025-04-27T11:30:04.501000,beacon,,,PASS,,,20250427_16-02-44.TXT
2025-04-27T11:30:04.590000,beacon,,,PASS,,,20250427_16-02-44.TXT
2025-04-27T11:30:09.944000,ACK,,,,,2561,20250427_16-02-44.TXT
2025-04-27T11:30:09.944000,ACK,,,,,2562,20250427_16-02-44.TXT
2025-04-27T11:30:09.944000,ACK,,,,,2563,20250427_16-02-44.TXT
2025-04-27T11:30:09.944000,ACK,,,,,2564,20250427_16-02-44.TXT
2025-04-27T11:30:09.944000,ACK,,,,,2565,20250427_16-02-44.TXT
2025-04-27T11:30:10.312000,Tx,,,,00204262200021,,20250427_16-02-44.TXT
2025-04-27T11:30:12.055000,Tx,,,,00204262200022,,20250427_16-02-44.TXT
2025-04-27T11:30:13.796000,Tx,,,,00204262200023,,20250427_16-02-44.TXT
2025-04-27T11:30:15.522000,Tx,,,,00204262200024,,20250427_16-02-44.TXT
2025-04-27T11:30:17.264000,Tx,,,,00204262200025,,20250427_16-02-44.TXT
2025-04-27T11:30:19.520000,beacon,-92,-14,FAIL,,,20250427_16-02-44.TXT
2025-04-27T11:30:49.502000,beacon,,,PASS,,,20250427_16-02-44.TXT
2025-04-27T11:30:49.582000,beacon,,,PASS,,,20250427_16-02-44.TXT
2025-04-27T11:30:57.050000,Tx,,,,00204262200021,,20250427_16-02-44.TXT
2025-04-27T11:30:58.791000,Tx,,,,00204262200022,,20250427_16-02-44.TXT
2025-04-27T11:31:00.534000,Tx,,,,00204262200023,,20250427_16-02-44.TXT
2025-04-27T11:31:02.260000,Tx,,,,00204262200024,,20250427_16-02-44.TXT
2025-04-27T11:31:19.521000,beacon,-93,-14,FAIL,,,20250427_16-02-44.TXT
2025-04-27T11:32:04.495000,beacon,,,PASS,,,20250427_16-02-44.TXT
2025-04-27T11:32:04.692000,beacon,,,PASS,,,20250427_16-02-44.TXT
2025-04-27T11:32:12.044000,Tx,,,,00204262200021,,20250427_16-02-44.TXT
2025-04-27T11:32:13.785000,Tx,,,,00204262200022,,20250427_16-02-44.TXT
2025-04-27T11:32:15.529000,Tx,,,,00204262200023,,20250427_16-02-44.TXT
2025-04-27T11:32:17.271000,Tx,,,,00204262200024,,20250427_16-02-44.TXT
2025-04-27T11:32:19.604000,beacon,,,PASS,,,20250427_16-02-44.TXT
2025-04-27T11:32:34.495000,beacon,,,PASS,,,20250427_16-02-44.TXT
2025-04-27T11:32:34.607000,beacon,,,PASS,,,20250427_16-02-44.TXT
2025-04-27T11:32:42.043000,Tx,,,,00204262200021,,20250427_16-02-44.TXT
2025-04-27T11:32:43.786000,Tx,,,,00204262200022,,20250427_16-02-44.TXT
2025-04-27T11:32:45.528000,Tx,,,,00204262200023,,20250427_16-02-44.TXT
2025-04-27T11:32:47.270000,Tx,,,,00204262200024,,20250427_16-02-44.TXT
2025-04-27T11:32:49.492000,beacon,,,PASS,,,20250427_16-02-44.TXT
2025-04-27T11:32:49.651000,beacon,,,PASS,,,20250427_16-02-44.TXT
2025-04-27T11:32:55.243000,ACK,,,,,2693,20250427_16-02-44.TXT
2025-04-27T11:32:55.243000,ACK,,,,,2566,20250427_16-02-44.TXT
2025-04-27T11:32:55.243000,ACK,,,,,2567,20250427_16-02-44.TXT
2025-04-27T11:32:55.291000,ACK,,,,,2568,20250427_16-02-44.TXT
2025-04-27T11:32:55.291000,ACK,,,,,2569,20250427_16-02-44.TXT
2025-04-27T11:32:57.049000,Tx,,,,00204262200025,,20250427_16-02-44.TXT
2025-04-27T11:32:58.791000,Tx,,,,00204262200026,,20250427_16-02-44.TXT
2025-04-27T11:33:00.533000,Tx,,,,00204262200027,,20250427_16-02-44.TXT
2025-04-27T11:33:02.259000,Tx,,,,00204262200028,,20250427_16-02-44.TXT
2025-04-27T11:33:04.516000,beacon,-93,-15,FAIL,,,20250427_16-02-44.TXT
2025-04-27T11:33:19.516000,beacon,-93,-15,FAIL,,,20250427_16-02-44.TXT
2025-04-27T11:33:34.491000,beacon,,,PASS,,,20250427_16-02-44.TXT
2025-04-27T11:33:34.609000,beacon,,,PASS,,,20250427_16-02-44.TXT
2025-04-27T11:33:40.314000,Tx,,,,00204262200029,,20250427_16-02-44.TXT
2025-04-27T11:33:42.057000,Tx,,,,00204262200025,,20250427_16-02-44.TXT
2025-04-27T11:33:43.783000,Tx,,,,00204262200026,,20250427_16-02-44.TXT
2025-04-27T11:33:45.525000,Tx,,,,00204262200027,,20250427_16-02-44.TXT
2025-04-27T11:33:47.267000,Tx,,,,00204262200028,,20250427_16-02-44.TXT
2025-04-27T11:33:49.515000,beacon,-93,-15,FAIL,,,20250427_16-02-44.TXT
2025-04-27T11:34:04.490000,beacon,,,PASS,,,20250427_16-02-44.TXT
2025-04-27T11:34:04.576000,beacon,,,PASS,,,20250427_16-02-44.TXT
2025-04-27T11:34:10.313000,Tx,,,,00204262200029,,20250427_16-02-44.TXT
2025-04-27T11:34:12.054000,Tx,,,,00204262200025,,20250427_16-02-44.TXT
2025-04-27T11:34:13.781000,Tx,,,,00204262200026,,20250427_16-02-44.TXT
2025-04-27T11:34:15.522000,Tx,,,,00204262200027,,20250427_16-02-44.TXT
2025-04-27T11:34:17.265000,Tx,,,,00204262200028,,20250427_16-02-44.TXT
2025-04-27T11:34:19.518000,beacon,-93,-14,FAIL,,,20250427_16-02-44.TXT
2025-04-27T11:57:34.476000,beacon,,,PASS,,,20250427_16-02-44.TXT
2025-04-27T11:57:34.686000,beacon,-92,-15,FAIL,,,20250427_16-02-44.TXT
2025-04-27T11:57:40.295000,Tx,,,,00204262200029,,20250427_16-02-44.TXT
2025-04-27T11:57:42.037000,Tx,,,,00204262200025,,20250427_16-02-44.TXT
2025-04-27T11:57:43.763000,Tx,,,,00204262200026,,20250427_16-02-44.TXT
2025-04-27T11:57:45.508000,Tx,,,,00204262200027,,20250427_16-02-44.TXT
2025-04-27T11:57:47.247000,Tx,,,,00204262200028,,20250427_16-02-44.TXT
2025-04-27T11:57:49.495000,beacon,-92,-15,FAIL,,,20250427_16-02-44.TXT
2025-04-27T11:58:04.470000,beacon,,,PASS,,,20250427_16-02-44.TXT
2025-04-27T11:58:04.602000,beacon,,,PASS,,,20250427_16-02-44.TXT
2025-04-27T11:58:10.292000,Tx,,,,00204262200029,,20250427_16-02-44.TXT
2025-04-27T11:58:12.033000,Tx,,,,00204262200025,,20250427_16-02-44.TXT
2025-04-27T11:58:13.760000,Tx,,,,00204262200026,,20250427_16-02-44.TXT
2025-04-27T11:58:15.503000,Tx,,,,00204262200027,,20250427_16-02-44.TXT
2025-04-27T11:58:17.244000,Tx,,,,00204262200028,,20250427_16-02-44.TXT
2025-04-27T11:58:19.498000,beacon,-92,-15,FAIL,,,20250427_16-02-44.TXT
2025-04-27T11:58:34.494000,beacon,-93,-15,FAIL,,,20250427_16-02-44.TXT
2025-04-27T11:58:49.469000,beacon,,,PASS,,,20250427_16-02-44.TXT
2025-04-27T11:58:55.287000,Tx,,,,00204262200029,,20250427_16-02-44.TXT
2025-04-27T11:58:57.029000,Tx,,,,00204262200025,,20250427_16-02-44.TXT
2025-04-27T11:58:58.771000,Tx,,,,00204262200026,,20250427_16-02-44.TXT
2025-04-27T11:59:00.498000,Tx,,,,00204262200027,,20250427_16-02-44.TXT
2025-04-27T11:59:02.240000,Tx,,,,00204262200028,,20250427_16-02-44.TXT
2025-04-27T11:59:04.461000,beacon,,,PASS,,,20250427_16-02-44.TXT
2025-04-27T11:59:04.573000,beacon,,,PASS,,,20250427_16-02-44.TXT
2025-04-27T11:59:09.915000,ACK,,,,,2574,20250427_16-02-44.TXT
2025-04-27T11:59:09.915000,ACK,,,,,2570,20250427_16-02-44.TXT
2025-04-27T11:59:09.915000,ACK,,,,,2571,20250427_16-02-44.TXT
2025-04-27T11:59:09.915000,ACK,,,,,2572,20250427_16-02-44.TXT
2025-04-27T11:59:09.915000,ACK,,,,,2573,20250427_16-02-44.TXT
2025-04-27T11:59:10.284000,Tx,,,,00204262200030,,20250427_16-02-44.TXT
2025-04-27T11:59:12.026000,Tx,,,,00204262200032,,20250427_16-02-44.TXT
2025-04-27T11:59:13.768000,Tx,,,,00204262200033,,20250427_16-02-44.TXT
2025-04-27T11:59:15.509000,Tx,,,,00204262200034,,20250427_16-02-44.TXT
2025-04-27T11:59:17.236000,Tx,,,,00204262200035,,20250427_16-02-44.TXT
2025-04-27T11:59:19.473000,beacon,,,PASS,,,20250427_16-02-44.TXT
2025-04-27T11:59:19.563000,beacon,,,PASS,,,20250427_16-02-44.TXT
2025-04-27T11:59:24.918000,ACK,,,,,2575,20250427_16-02-44.TXT
2025-04-27T11:59:24.918000,ACK,,,,,2576,20250427_16-02-44.TXT
2025-04-27T11:59:24.918000,ACK,,,,,2577,20250427_16-02-44.TXT
2025-04-27T11:59:24.918000,ACK,,,,,2578,20250427_16-02-44.TXT
2025-04-27T11:59:24.918000,ACK,,,,,2579,20250427_16-02-44.TXT
2025-04-27T11:59:25.286000,Tx,,,,00204262200036,,20250427_16-02-44.TXT
2025-04-27T11:59:27.028000,Tx,,,,00204262200037,,20250427_16-02-44.TXT
2025-04-27T11:59:28.770000,Tx,,,,00204262200038,,20250427_16-02-44.TXT
2025-04-27T11:59:30.496000,Tx,,,,00204262200039,,20250427_16-02-44.TXT
2025-04-27T11:59:32.238000,Tx,,,,00204262200040,,20250427_16-02-44.TXT
2025-04-27T11:59:34.459000,beacon,,,PASS,,,20250427_16-02-44.TXT
2025-04-27T11:59:34.668000,beacon,,,PASS,,,20250427_16-02-44.TXT
2025-04-27T11:59:39.910000,ACK,,,,,2580,20250427_16-02-44.TXT
2025-04-27T11:59:39.910000,ACK,,,,,2581,20250427_16-02-44.TXT
2025-04-27T11:59:39.910000,ACK,,,,,2582,20250427_16-02-44.TXT
2025-04-27T11:59:39.910000,ACK,,,,,2583,20250427_16-02-44.TXT
2025-04-27T11:59:39.910000,ACK,,,,,2584,20250427_16-02-44.TXT
2025-04-27T11:59:40.294000,Tx,,,,00204262200041,,20250427_16-02-44.TXT
2025-04-27T11:59:42.020000,Tx,,,,00204262200042,,20250427_16-02-44.TXT
2025-04-27T11:59:43.762000,Tx,,,,00204262200043,,20250427_16-02-44.TXT
2025-04-27T11:59:45.504000,Tx,,,,00204262200044,,20250427_16-02-44.TXT
2025-04-27T11:59:47.247000,Tx,,,,00204262200045,,20250427_16-02-44.TXT
2025-04-27T11:59:49.492000,beacon,-92,-16,FAIL,,,20250427_16-02-44.TXT
2025-04-27T12:00:19.460000,beacon,,,PASS,,,20250427_16-02-44.TXT
2025-04-27T12:00:19.619000,beacon,,,PASS,,,20250427_16-02-44.TXT
2025-04-27T12:00:25.287000,Tx,,,,00204262200041,,20250427_16-02-44.TXT
2025-04-27T12:00:27.029000,Tx,,,,00204262200042,,20250427_16-02-44.TXT
2025-04-27T12:00:28.771000,Tx,,,,00204262200043,,20250427_16-02-44.TXT
2025-04-27T12:00:30.497000,Tx,,,,00204262200044,,20250427_16-02-44.TXT
2025-04-27T12:00:32.239000,Tx,,,,00204262200045,,20250427_16-02-44.TXT
2025-04-27T12:00:34.460000,beacon,,,PASS,,,20250427_16-02-44.TXT
2025-04-27T12:00:34.642000,beacon,,,PASS,,,20250427_16-02-44.TXT
2025-04-27T12:00:39.915000,ACK,,,,,2586,20250427_16-02-44.TXT
2025-04-27T12:00:39.915000,ACK,,,,,2587,20250427_16-02-44.TXT
2025-04-27T12:00:39.915000,ACK,,,,,2588,20250427_16-02-44.TXT
2025-04-27T12:00:39.915000,ACK,,,,,2589,20250427_16-02-44.TXT
2025-04-27T12:00:40.284000,Tx,,,,00204262200041,,20250427_16-02-44.TXT
2025-04-27T12:00:42.025000,Tx,,,,00204262200046,,20250427_16-02-44.TXT
2025-04-27T12:00:43.768000,Tx,,,,00204262200047,,20250427_16-02-44.TXT
2025-04-27T12:00:47.236000,Tx,,,,00204262200049,,20250427_16-02-44.TXT
2025-04-27T12:00:49.474000,beacon,,,PASS,,,20250427_16-02-44.TXT
2025-04-27T12:00:49.667000,beacon,,,PASS,,,20250427_16-02-44.TXT
2025-04-27T12:00:49.728000,beacon,,,PASS,,,20250427_16-02-44.TXT
2025-04-27T12:00:54.923000,ACK,,,,,2593,20250427_16-02-44.TXT
2025-04-27T12:00:55.291000,Tx,,,,00204262200041,,20250427_16-02-44.TXT
2025-04-27T12:00:57.033000,Tx,,,,00204262200046,,20250427_16-02-44.TXT
2025-04-27T12:00:58.758000,Tx,,,,00204262200047,,20250427_16-02-44.TXT
2025-04-27T12:01:00.500000,Tx,,,,00204262200048,,20250427_16-02-44.TXT
2025-04-27T12:01:02.242000,Tx,,,,00204262200050,,20250427_16-02-44.TXT
2025-04-27T12:01:04.464000,beacon,,,PASS,,,20250427_16-02-44.TXT
2025-04-27T12:01:04.667000,beacon,,,PASS,,,20250427_16-02-44.TXT
2025-04-27T12:01:09.923000,ACK,,,,,2585,20250427_16-02-44.TXT
2025-04-27T12:01:09.923000,ACK,,,,,2590,20250427_16-02-44.TXT
2025-04-27T12:01:09.923000,ACK,,,,,2591,20250427_16-02-44.TXT
2025-04-27T12:01:09.923000,ACK,,,,,2592,20250427_16-02-44.TXT
2025-04-27T12:01:09.923000,ACK,,,,,2594,20250427_16-02-44.TXT
2025-04-27T12:01:10.291000,Tx,,,,00204262200051,,20250427_16-02-44.TXT
2025-04-27T12:01:12.018000,Tx,,,,00204262200052,,20250427_16-02-44.TXT
2025-04-27T12:01:13.760000,Tx,,,,00204262200053,,20250427_16-02-44.TXT
2025-04-27T12:01:15.504000,Tx,,,,00204262200054,,20250427_16-02-44.TXT
2025-04-27T12:01:17.243000,Tx,,,,00204262200055,,20250427_16-02-44.TXT
2025-04-27T12:01:19.465000,beacon,,,PASS,,,20250427_16-02-44.TXT
2025-04-27T12:01:19.576000,beacon,,,PASS,,,20250427_16-02-44.TXT
2025-04-27T12:01:24.909000,ACK,,,,,2595,20250427_16-02-44.TXT
2025-04-27T12:01:24.909000,ACK,,,,,2596,20250427_16-02-44.TXT
2025-04-27T12:01:24.909000,ACK,,,,,2597,20250427_16-02-44.TXT
2025-04-27T12:01:24.909000,ACK,,,,,2598,20250427_16-02-44.TXT
2025-04-27T12:01:24.909000,ACK,,,,,2599,20250427_16-02-44.TXT
2025-04-27T12:01:25.292000,Tx,,,,00204262200056,,20250427_16-02-44.TXT
2025-04-27T12:01:27.019000,Tx,,,,00204262200057,,20250427_16-02-44.TXT
2025-04-27T12:01:28.760000,Tx,,,,00204262200058,,20250427_16-02-44.TXT
2025-04-27T12:01:30.503000,Tx,,,,00204262200059,,20250427_16-02-44.TXT
2025-04-27T12:01:32.245000,Tx,,,,00204262200060,,20250427_16-02-44.TXT
2025-04-27T12:01:34.490000,beacon,-93,-13,FAIL,,,20250427_16-02-44.TXT
2025-04-27T12:01:49.465000,beacon,,,PASS,,,20250427_16-02-44.TXT
2025-04-27T12:01:49.619000,beacon,,,PASS,,,20250427_16-02-44.TXT
2025-04-27T12:01:55.293000,Tx,,,,00204262200056,,20250427_16-02-44.TXT
2025-04-27T12:01:57.019000,Tx,,,,00204262200057,,20250427_16-02-44.TXT
2025-04-27T12:01:58.761000,Tx,,,,00204262200058,,20250427_16-02-44.TXT
2025-04-27T12:02:00.503000,Tx,,,,00204262200059,,20250427_16-02-44.TXT
2025-04-27T12:02:02.245000,Tx,,,,00204262200060,,20250427_16-02-44.TXT
2025-04-27T12:02:04.467000,beacon,,,PASS,,,20250427_16-02-44.TXT
2025-04-27T12:02:04.645000,beacon,,,PASS,,,20250427_16-02-44.TXT
2025-04-27T12:02:04.693000,beacon,,,PASS,,,20250427_16-02-44.TXT
2025-04-27T12:02:04.789000,beacon,,,PASS,,,20250427_16-02-44.TXT
2025-04-27T12:02:04.874000,beacon,,,PASS,,,20250427_16-02-44.TXT
2025-04-27T12:02:04.976000,beacon,,,PASS,,,20250427_16-02-44.TXT
2025-04-27T12:02:05.053000,beacon,,,PASS,,,20250427_16-02-44.TXT
2025-04-27T12:02:09.912000,ACK,,,,,2600,20250427_16-02-44.TXT
2025-04-27T12:02:09.912000,ACK,,,,,2601,20250427_16-02-44.TXT
2025-04-27T12:02:09.912000,ACK,,,,,2602,20250427_16-02-44.TXT
2025-04-27T12:02:09.912000,ACK,,,,,2603,20250427_16-02-44.TXT
2025-04-27T12:02:09.912000,ACK,,,,,2604,20250427_16-02-44.TXT
2025-04-27T12:02:10.279000,Tx,,,,00204262200061,,20250427_16-02-44.TXT
2025-04-27T12:02:12.022000,Tx,,,,00204262200062,,20250427_16-02-44.TXT
2025-04-27T12:02:13.763000,Tx,,,,00204262200063,,20250427_16-02-44.TXT
2025-04-27T12:02:15.506000,Tx,,,,00204262200064,,20250427_16-02-44.TXT
2025-04-27T12:02:17.232000,Tx,,,,00204262200065,,20250427_16-02-44.TXT
2025-04-27T12:02:19.469000,beacon,,,PASS,,,20250427_16-02-44.TXT
2025-04-27T12:02:19.624000,beacon,,,PASS,,,20250427_16-02-44.TXT
2025-04-27T12:02:24.914000,ACK,,,,,2605,20250427_16-02-44.TXT
2025-04-27T12:02:24.914000,ACK,,,,,2606,20250427_16-02-44.TXT
2025-04-27T12:02:24.914000,ACK,,,,,2607,20250427_16-02-44.TXT
2025-04-27T12:02:24.914000,ACK,,,,,260,20250427_16-02-44.TXT
2025-04-27T12:02:24.962000,ACK,,,,,2609,20250427_16-02-44.TXT
2025-04-27T12:02:25.281000,Tx,,,,00204262200066,,20250427_16-02-44.TXT
2025-04-27T12:02:27.024000,Tx,,,,00204262200067,,20250427_16-02-44.TXT
2025-04-27T12:02:28.766000,Tx,,,,00204262200068,,20250427_16-02-44.TXT
2025-04-27T12:02:30.492000,Tx,,,,00204262200069,,20250427_16-02-44.TXT
2025-04-27T12:02:32.235000,Tx,,,,00204262200070,,20250427_16-02-44.TXT
2025-04-27T12:02:34.471000,beacon,,,PASS,,,20250427_16-02-44.TXT
2025-04-27T12:02:34.620000,beacon,,,PASS,,,20250427_16-02-44.TXT
2025-04-27T12:02:39.909000,ACK,,,,,2610,20250427_16-02-44.TXT
2025-04-27T12:02:39.909000,ACK,,,,,2611,20250427_16-02-44.TXT
2025-04-27T12:02:39.909000,ACK,,,,,2612,20250427_16-02-44.TXT
2025-04-27T12:02:39.909000,ACK,,,,,2613,20250427_16-02-44.TXT
2025-04-27T12:02:39.909000,ACK,,,,,2614,20250427_16-02-44.TXT
2025-04-27T12:02:40.294000,Tx,,,,00204262200071,,20250427_16-02-44.TXT
2025-04-27T12:02:42.019000,Tx,,,,00204262200072,,20250427_16-02-44.TXT
2025-04-27T12:02:43.761000,Tx,,,,00204262200073,,20250427_16-02-44.TXT
2025-04-27T12:02:45.505000,Tx,,,,00204262200074,,20250427_16-02-44.TXT
2025-04-27T12:02:47.245000,Tx,,,,00204262200075,,20250427_16-02-44.TXT
2025-04-27T12:02:49.491000,beacon,-92,-13,FAIL,,,20250427_16-02-44.TXT
2025-04-27T12:02:49.698000,beacon,,,PASS,,,20250427_16-02-44.TXT
2025-04-27T12:03:04.466000,beacon,,,PASS,,,20250427_16-02-44.TXT
2025-04-27T12:03:04.561000,beacon,,,PASS,,,20250427_16-02-44.TXT
2025-04-27T12:03:04.637000,beacon,,,PASS,,,20250427_16-02-44.TXT
2025-04-27T12:03:04.715000,beacon,,,PASS,,,20250427_16-02-44.TXT
2025-04-27T12:03:10.293000,Tx,,,,00204262200071,,20250427_16-02-44.TXT
2025-04-27T12:03:12.018000,Tx,,,,00204262200072,,20250427_16-02-44.TXT
2025-04-27T12:03:13.761000,Tx,,,,00204262200073,,20250427_16-02-44.TXT
2025-04-27T12:03:15.504000,Tx,,,,00204262200074,,20250427_16-02-44.TXT
2025-04-27T12:03:17.246000,Tx,,,,00204262200075,,20250427_16-02-44.TXT
2025-04-27T12:03:19.466000,beacon,,,PASS,,,20250427_16-02-44.TXT
2025-04-27T12:03:19.556000,beacon,,,PASS,,,20250427_16-02-44.TXT
2025-04-27T12:03:24.909000,ACK,,,,,2615,20250427_16-02-44.TXT
2025-04-27T12:03:24.909000,ACK,,,,,2616,20250427_16-02-44.TXT
2025-04-27T12:03:24.909000,ACK,,,,,2617,20250427_16-02-44.TXT
2025-04-27T12:03:24.909000,ACK,,,,,2618,20250427_16-02-44.TXT
2025-04-27T12:03:24.909000,ACK,,,,,2619,20250427_16-02-44.TXT
2025-04-27T12:03:25.293000,Tx,,,,00204262200076,,20250427_16-02-44.TXT
2025-04-27T12:03:27.020000,Tx,,,,00204262200077,,20250427_16-02-44.TXT
2025-04-27T12:03:28.761000,Tx,,,,00204262200078,,20250427_16-02-44.TXT
2025-04-27T12:03:30.504000,Tx,,,,00204262200079,,20250427_16-02-44.TXT
2025-04-27T12:03:32.245000,Tx,,,,00204262200080,,20250427_16-02-44.TXT
2025-04-27T12:03:34.663000,beacon,-92,-14,FAIL,,,20250427_16-02-44.TXT
2025-04-27T12:03:49.463000,beacon,,,PASS,,,20250427_16-02-44.TXT
2025-04-27T12:03:49.527000,beacon,,,PASS,,,20250427_16-02-44.TXT
2025-04-27T12:03:49.623000,beacon,,,PASS,,,20250427_16-02-44.TXT
2025-04-27T12:03:49.733000,beacon,-93,-13,FAIL,,,20250427_16-02-44.TXT
2025-04-27T12:03:49.889000,beacon,,,PASS,,,20250427_16-02-44.TXT
2025-04-27T12:03:49.967000,beacon,,,PASS,,,20250427_16-02-44.TXT
2025-04-27T12:03:55.288000,Tx,,,,00204262200076,,20250427_16-02-44.TXT
2025-04-27T12:03:57.030000,Tx,,,,00204262200077,,20250427_16-02-44.TXT
2025-04-27T12:03:58.757000,Tx,,,,00204262200078,,20250427_16-02-44.TXT
2025-04-27T12:04:00.499000,Tx,,,,00204262200079,,20250427_16-02-44.TXT
2025-04-27T12:04:02.241000,Tx,,,,00204262200080,,20250427_16-02-44.TXT
2025-04-27T12:04:04.462000,beacon,,,PASS,,,20250427_16-02-44.TXT
2025-04-27T12:04:04.571000,beacon,,,PASS,,,20250427_16-02-44.TXT
2025-04-27T12:04:04.648000,beacon,,,PASS,,,20250427_16-02-44.TXT
2025-04-27T12:04:04.726000,beacon,,,PASS,,,20250427_16-02-44.TXT
2025-04-27T12:04:04.791000,beacon,,,PASS,,,20250427_16-02-44.TXT
2025-04-27T12:04:04.890000,beacon,,,PASS,,,20250427_16-02-44.TXT
2025-04-27T12:04:09.922000,ACK,,,,,2620,20250427_16-02-44.TXT
2025-04-27T12:04:09.922000,ACK,,,,,2621,20250427_16-02-44.TXT
2025-04-27T12:04:09.922000,ACK,,,,,2622,20250427_16-02-44.TXT
2025-04-27T12:04:09.922000,ACK,,,,,2623,20250427_16-02-44.TXT
2025-04-27T12:04:09.922000,ACK,,,,,2624,20250427_16-02-44.TXT
2025-04-27T12:04:10.290000,Tx,,,,00204262200081,,20250427_16-02-44.TXT
2025-04-27T12:04:12.032000,Tx,,,,00204262200082,,20250427_16-02-44.TXT
2025-04-27T12:04:13.758000,Tx,,,,00204262200083,,20250427_16-02-44.TXT
2025-04-27T12:04:15.500000,Tx,,,,00204262200084,,20250427_16-02-44.TXT
2025-04-27T12:04:17.243000,Tx,,,,00204262200085,,20250427_16-02-44.TXT
2025-04-27T12:04:19.464000,beacon,,,PASS,,,20250427_16-02-44.TXT
2025-04-27T12:04:19.544000,beacon,,,PASS,,,20250427_16-02-44.TXT
2025-04-27T12:04:19.716000,beacon,,,PASS,,,20250427_16-02-44.TXT
2025-04-27T12:04:19.780000,beacon,,,PASS,,,20250427_16-02-44.TXT
2025-04-27T12:04:24.918000,ACK,,,,,2625,20250427_16-02-44.TXT
2025-04-27T12:04:24.918000,ACK,,,,,2626,20250427_16-02-44.TXT
2025-04-27T12:04:24.918000,ACK,,,,,2628,20250427_16-02-44.TXT
2025-04-27T12:04:25.286000,Tx,,,,00204262200083,,20250427_16-02-44.TXT
2025-04-27T12:04:27.027000,Tx,,,,00204262200085,,20250427_16-02-44.TXT
2025-04-27T12:04:28.769000,Tx,,,,00204262200086,,20250427_16-02-44.TXT
2025-04-27T12:04:30.495000,Tx,,,,00204262200087,,20250427_16-02-44.TXT
2025-04-27T12:04:32.237000,Tx,,,,00204262200088,,20250427_16-02-44.TXT
2025-04-27T12:04:34.491000,beacon,-93,-14,FAIL,,,20250427_16-02-44.TXT
2025-04-27T12:04:34.619000,beacon,,,PASS,,,20250427_16-02-44.TXT
2025-04-27T12:04:34.799000,beacon,-93,-14,FAIL,,,20250427_16-02-44.TXT
2025-04-27T12:04:49.563000,beacon,-93,-14,FAIL,,,20250427_16-02-44.TXT
2025-04-27T12:04:49.716000,beacon,,,PASS,,,20250427_16-02-44.TXT
2025-04-27T12:04:49.779000,beacon,,,PASS,,,20250427_16-02-44.TXT
2025-04-27T12:04:49.878000,beacon,-93,-13,FAIL,,,20250427_16-02-44.TXT
2025-04-27T12:04:49.956000,beacon,,,PASS,,,20250427_16-02-44.TXT
2025-04-27T12:04:50.042000,beacon,,,PASS,,,20250427_16-02-44.TXT
2025-04-27T12:04:50.119000,beacon,-93,-13,FAIL,,,20250427_16-02-44.TXT
2025-04-27T12:24:19.443000,beacon,,,PASS,,,20250427_16-02-44.TXT
2025-04-27T12:24:19.548000,beacon,,,PASS,,,20250427_16-02-44.TXT
2025-04-27T12:24:25.265000,Tx,,,,00204262200083,,20250427_16-02-44.TXT
2025-04-27T12:24:27.007000,Tx,,,,00204262200085,,20250427_16-02-44.TXT
2025-04-27T12:24:28.749000,Tx,,,,00204262200086,,20250427_16-02-44.TXT
2025-04-27T12:24:30.479000,Tx,,,,00204262200087,,20250427_16-02-44.TXT
2025-04-27T12:24:32.217000,Tx,,,,00204262200088,,20250427_16-02-44.TXT
2025-04-27T12:24:34.439000,beacon,,,PASS,,,20250427_16-02-44.TXT
2025-04-27T12:24:34.632000,beacon,,,PASS,,,20250427_16-02-44.TXT
2025-04-27T12:24:39.893000,ACK,,,,,2627,20250427_16-02-44.TXT
2025-04-27T12:24:39.893000,ACK,,,,,2629,20250427_16-02-44.TXT
2025-04-27T12:24:39.893000,ACK,,,,,2630,20250427_16-02-44.TXT
2025-04-27T12:24:39.893000,ACK,,,,,2631,20250427_16-02-44.TXT
2025-04-27T12:24:39.893000,ACK,,,,,2632,20250427_16-02-44.TXT
2025-04-27T12:24:40.273000,Tx,,,,00204262200089,,20250427_16-02-44.TXT
2025-04-27T12:24:42,Tx,,,,00204262200090,,20250427_16-02-44.TXT
2025-04-27T12:24:43.743000,Tx,,,,00204262200091,,20250427_16-02-44.TXT
2025-04-27T12:24:45.484000,Tx,,,,00204262200092,,20250427_16-02-44.TXT
2025-04-27T12:24:47.226000,Tx,,,,00204262200093,,20250427_16-02-44.TXT
2025-04-27T12:24:49.447000,beacon,,,PASS,,,20250427_16-02-44.TXT
2025-04-27T12:24:49.642000,beacon,,,PASS,,,20250427_16-02-44.TXT
2025-04-27T12:24:54.901000,ACK,,,,,2633,20250427_16-02-44.TXT
2025-04-27T12:24:54.901000,ACK,,,,,2634,20250427_16-02-44.TXT
2025-04-27T12:24:54.901000,ACK,,,,,2635,20250427_16-02-44.TXT
2025-04-27T12:24:54.901000,ACK,,,,,2636,20250427_16-02-44.TXT
2025-04-27T12:24:54.901000,ACK,,,,,2637,20250427_16-02-44.TXT
2025-04-27T12:24:55.268000,Tx,,,,00204262200094,,20250427_16-02-44.TXT
2025-04-27T12:24:57.010000,Tx,,,,00204262200095,,20250427_16-02-44.TXT
2025-04-27T12:24:58.736000,Tx,,,,00204262200096,,20250427_16-02-44.TXT
2025-04-27T12:25:00.480000,Tx,,,,00204262200097,,20250427_16-02-44.TXT
2025-04-27T12:25:02.220000,Tx,,,,00204262200098,,20250427_16-02-44.TXT
2025-04-27T12:25:04.442000,beacon,,,PASS,,,20250427_16-02-44.TXT
2025-04-27T12:25:04.636000,beacon,,,PASS,,,20250427_16-02-44.TXT
2025-04-27T12:25:09.893000,ACK,,,,,2638,20250427_16-02-44.TXT
2025-04-27T12:25:09.893000,ACK,,,,,2639,20250427_16-02-44.TXT
2025-04-27T12:25:09.893000,ACK,,,,,2640,20250427_16-02-44.TXT
2025-04-27T12:25:09.893000,ACK,,,,,2641,20250427_16-02-44.TXT
2025-04-27T12:25:09.893000,ACK,,,,,2642,20250427_16-02-44.TXT
2025-04-27T12:25:12.003000,Tx,,,,00204262200099,,20250427_16-02-44.TXT
2025-04-27T12:25:14.608000,Tx,,,,00204262200100,,20250427_16-02-44.TXT
2025-04-27T12:25:17.215000,Tx,,,,00204262200031,,20250427_16-02-44.TXT
2025-04-27T12:25:19.451000,beacon,,,PASS,,,20250427_16-02-44.TXT
2025-04-27T12:25:19.608000,beacon,,,PASS,,,20250427_16-02-44.TXT
2025-04-27T12:25:24.895000,ACK,,,,,2643,20250427_16-02-44.TXT
2025-04-27T12:25:24.895000,ACK,,,,,2644,20250427_16-02-44.TXT
2025-04-27T12:25:24.895000,ACK,,,,,2645,20250427_16-02-44.TXT
2025-04-27T12:25:34.455000,beacon,,,PASS,,,20250427_16-02-44.TXT
2025-04-27T12:25:34.501000,beacon,,,PASS,,,20250427_16-02-44.TXT
2025-04-27T12:25:49.446000,beacon,,,PASS,,,20250427_16-02-44.TXT
2025-04-27T12:25:49.517000,beacon,,,PASS,,,20250427_16-02-44.TXT
2025-04-27T12:26:04.445000,beacon,,,PASS,,,20250427_16-02-44.TXT
2025-04-27T12:26:04.584000,beacon,,,PASS,,,20250427_16-02-44.TXT
2025-04-27T12:26:34.437000,beacon,,,PASS,,,20250427_16-02-44.TXT
2025-04-27T12:26:34.517000,beacon,,,PASS,,,20250427_16-02-44.TXT
2025-04-27T12:27:19.445000,beacon,,,PASS,,,20250427_16-02-44.TXT
2025-04-27T12:27:19.544000,beacon,,,PASS,,,20250427_16-02-44.TXT
2025-04-27T12:27:34.441000,beacon,,,PASS,,,20250427_16-02-44.TXT
2025-04-27T12:27:34.489000,beacon,,,PASS,,,20250427_16-02-44.TXT
2025-04-27T12:27:49.450000,beacon,,,PASS,,,20250427_16-02-44.TXT
2025-04-27T12:27:49.511000,beacon,,,PASS,,,20250427_16-02-44.TXT
2025-04-27T12:27:49.576000,beacon,,,PASS,,,20250427_16-02-44.TXT
2025-04-27T12:28:04.438000,beacon,,,PASS,,,20250427_16-02-44.TXT
2025-04-27T12:28:04.570000,beacon,,,PASS,,,20250427_16-02-44.TXT
2025-04-27T12:28:19.449000,beacon,,,PASS,,,20250427_16-02-44.TXT
2025-04-27T12:28:19.531000,beacon,,,PASS,,,20250427_16-02-44.TXT
2025-04-27T12:28:19.628000,beacon,,,PASS,,,20250427_16-02-44.TXT
2025-04-27T12:28:19.705000,beacon,,,PASS,,,20250427_16-02-44.TXT
2025-04-27T12:28:19.768000,beacon,,,PASS,,,20250427_16-02-44.TXT
2025-04-27T12:28:34.445000,beacon,,,PASS,,,20250427_16-02-44.TXT
2025-04-27T12:28:34.562000,beacon,,,PASS,,,20250427_16-02-44.TXT
2025-04-27T12:28:34.609000,beacon,,,PASS,,,20250427_16-02-44.TXT
2025-04-27T12:28:34.709000,beacon,,,PASS,,,20250427_16-02-44.TXT
2025-04-27T12:28:34.795000,beacon,,,PASS,,,20250427_16-02-44.TXT
2025-04-27T12:28:34.870000,beacon,,,PASS,,,20250427_16-02-44.TXT
2025-04-27T12:28:49.446000,beacon,,,PASS,,,20250427_16-02-44.TXT
2025-04-27T12:28:49.526000,beacon,,,PASS,,,20250427_16-02-44.TXT
2025-04-27T12:28:49.625000,beacon,,,PASS,,,20250427_16-02-44.TXT
2025-04-27T12:28:49.700000,beacon,,,PASS,,,20250427_16-02-44.TXT
2025-04-27T12:28:49.765000,beacon,,,PASS,,,20250427_16-02-44.TXT
2025-04-27T12:28:49.861000,beacon,,,PASS,,,20250427_16-02-44.TXT
2025-04-27T12:29:04.437000,beacon,,,PASS,,,20250427_16-02-44.TXT
2025-04-27T12:29:04.532000,beacon,,,PASS,,,20250427_16-02-44.TXT
2025-04-27T12:29:04.627000,beacon,,,PASS,,,20250427_16-02-44.TXT
2025-04-27T12:29:04.704000,beacon,,,PASS,,,20250427_16-02-44.TXT
2025-04-27T12:29:04.793000,beacon,,,PASS,,,20250427_16-02-44.TXT
2025-04-27T12:29:04.867000,beacon,,,PASS,,,20250427_16-02-44.TXT
2025-04-27T12:29:19.441000,beacon,,,PASS,,,20250427_16-02-44.TXT
2025-04-27T12:29:19.528000,beacon,,,PASS,,,20250427_16-02-44.TXT
2025-04-27T12:29:19.697000,beacon,,,PASS,,,20250427_16-02-44.TXT
2025-04-27T12:29:19.780000,beacon,,,PASS,,,20250427_16-02-44.TXT
2025-04-27T12:29:19.855000,beacon,,,PASS,,,20250427_16-02-44.TXT
2025-04-27T12:29:34.469000,beacon,-93,-15,FAIL,,,20250427_16-02-44.TXT
2025-04-27T12:29:49.443000,beacon,,,PASS,,,20250427_16-02-44.TXT
2025-04-27T12:29:49.587000,beacon,,,PASS,,,20250427_16-02-44.TXT
2025-04-27T12:29:49.658000,beacon,,,PASS,,,20250427_16-02-44.TXT
2025-04-27T12:29:49.735000,beacon,,,PASS,,,20250427_16-02-44.TXT
2025-04-27T12:29:49.822000,beacon,,,PASS,,,20250427_16-02-44.TXT
2025-04-27T12:30:04.446000,beacon,,,PASS,,,20250427_16-02-44.TXT
2025-04-27T12:30:04.627000,beacon,,,PASS,,,20250427_16-02-44.TXT
2025-04-27T12:30:04.675000,beacon,,,PASS,,,20250427_16-02-44.TXT
2025-04-27T12:30:04.770000,beacon,,,PASS,,,20250427_16-02-44.TXT
2025-04-27T12:30:04.855000,beacon,,,PASS,,,20250427_16-02-44.TXT
2025-04-27T12:30:04.933000,beacon,,,PASS,,,20250427_16-02-44.TXT
2025-04-27T12:30:05.020000,beacon,,,PASS,,,20250427_16-02-44.TXT
2025-04-27T12:30:05.106000,beacon,,,PASS,,,20250427_16-02-44.TXT
2025-04-27T12:30:19.441000,beacon,,,PASS,,,20250427_16-02-44.TXT
2025-04-27T12:30:19.603000,beacon,,,PASS,,,20250427_16-02-44.TXT
2025-04-27T12:30:19.731000,beacon,,,PASS,,,20250427_16-02-44.TXT
2025-04-27T12:30:19.817000,beacon,,,PASS,,,20250427_16-02-44.TXT
2025-04-27T12:30:19.913000,beacon,,,PASS,,,20250427_16-02-44.TXT
2025-04-27T12:30:19.991000,beacon,,,PASS,,,20250427_16-02-44.TXT
2025-04-27T12:49:49.452000,beacon,-93,-16,FAIL,,,20250427_16-02-44.TXT
2025-04-27T12:50:19.499000,beacon,-93,-16,FAIL,,,20250427_16-02-44.TXT
2025-04-27T12:50:49.422000,beacon,,,PASS,,,20250427_16-02-44.TXT
2025-04-27T12:50:49.564000,beacon,,,PASS,,,20250427_16-02-44.TXT
2025-04-27T12:50:49.634000,beacon,,,PASS,,,20250427_16-02-44.TXT
2025-04-27T12:50:49.712000,beacon,,,PASS,,,20250427_16-02-44.TXT
2025-04-27T12:50:49.776000,beacon,,,PASS,,,20250427_16-02-44.TXT
2025-04-27T12:50:49.874000,beacon,,,PASS,,,20250427_16-02-44.TXT
2025-04-27T12:50:49.952000,beacon,,,PASS,,,20250427_16-02-44.TXT
2025-04-27T12:51:04.432000,beacon,,,PASS,,,20250427_16-02-44.TXT
2025-04-27T12:51:04.557000,beacon,,,PASS,,,20250427_16-02-44.TXT
2025-04-27T12:51:19.422000,beacon,,,PASS,,,20250427_16-02-44.TXT
2025-04-27T12:51:19.502000,beacon,,,PASS,,,20250427_16-02-44.TXT
2025-04-27T12:51:34.418000,beacon,,,PASS,,,20250427_16-02-44.TXT
2025-04-27T12:51:34.513000,beacon,,,PASS,,,20250427_16-02-44.TXT
2025-04-27T12:51:49.430000,beacon,,,PASS,,,20250427_16-02-44.TXT
2025-04-27T12:51:49.519000,beacon,,,PASS,,,20250427_16-02-44.TXT
2025-04-27T12:52:04.431000,beacon,,,PASS,,,20250427_16-02-44.TXT
2025-04-27T12:52:04.525000,beacon,,,PASS,,,20250427_16-02-44.TXT
2025-04-27T12:52:19.420000,beacon,,,PASS,,,20250427_16-02-44.TXT
2025-04-27T12:52:19.562000,beacon,,,PASS,,,20250427_16-02-44.TXT
2025-04-27T12:52:34.423000,beacon,,,PASS,,,20250427_16-02-44.TXT
2025-04-27T12:52:34.584000,beacon,,,PASS,,,20250427_16-02-44.TXT
2025-04-27T12:52:49.431000,beacon,,,PASS,,,20250427_16-02-44.TXT
2025-04-27T12:52:49.574000,beacon,,,PASS,,,20250427_16-02-44.TXT
2025-04-27T12:53:04.570000,beacon,,,PASS,,,20250427_16-02-44.TXT
2025-04-27T12:53:19.449000,beacon,-93,-14,FAIL,,,20250427_16-02-44.TXT
2025-04-27T12:55:04.423000,beacon,,,PASS,,,20250427_16-02-44.TXT
2025-04-27T12:55:19.431000,beacon,,,PASS,,,20250427_16-02-44.TXT
2025-04-27T12:55:19.526000,beacon,,,PASS,,,20250427_16-02-44.TXT
2025-04-27T12:55:34.548000,beacon,,,PASS,,,20250427_16-02-44.TXT
2025-04-27T12:55:49.448000,beacon,-92,-13,FAIL,,,20250427_16-02-44.TXT
2025-04-27T12:56:19.448000,beacon,-93,-16,FAIL,,,20250427_16-02-44.TXT
2025-04-27T13:17:04.432000,beacon,-92,-15,FAIL,,,20250427_16-02-44.TXT
2025-04-27T13:17:49.409000,beacon,,,PASS,,,20250427_16-02-44.TXT
2025-04-27T13:18:04.469000,beacon,-93,-14,FAIL,,,20250427_16-02-44.TXT
2025-04-27T13:18:19.397000,beacon,,,PASS,,,20250427_16-02-44.TXT
2025-04-27T13:18:19.490000,beacon,,,PASS,,,20250427_16-02-44.TXT
2025-04-27T13:18:34.481000,beacon,-93,-15,FAIL,,,20250427_16-02-44.TXT
2025-04-27T13:18:34.738000,beacon,-92,-14,FAIL,,,20250427_16-02-44.TXT
2025-04-27T13:18:34.893000,beacon,-93,-14,FAIL,,,20250427_16-02-44.TXT
2025-04-27T13:19:04.397000,beacon,,,PASS,,,20250427_16-02-44.TXT
2025-04-27T13:19:04.505000,beacon,,,PASS,,,20250427_16-02-44.TXT
2025-04-27T13:19:04.659000,beacon,,,PASS,,,20250427_16-02-44.TXT
2025-04-27T13:19:04.745000,beacon,,,PASS,,,20250427_16-02-44.TXT
2025-04-27T13:19:04.821000,beacon,,,PASS,,,20250427_16-02-44.TXT
2025-04-27T13:19:04.900000,beacon,,,PASS,,,20250427_16-02-44.TXT
2025-04-27T13:19:19.396000,beacon,,,PASS,,,20250427_16-02-44.TXT
2025-04-27T13:19:19.510000,beacon,,,PASS,,,20250427_16-02-44.TXT
2025-04-27T13:19:34.406000,beacon,,,PASS,,,20250427_16-02-44.TXT
2025-04-27T13:19:34.498000,beacon,,,PASS,,,20250427_16-02-44.TXT
2025-04-27T13:19:49.411000,beacon,,,PASS,,,20250427_16-02-44.TXT
2025-04-27T13:19:49.498000,beacon,,,PASS,,,20250427_16-02-44.TXT
2025-04-27T13:20:04.494000,beacon,-92,-14,FAIL,,,20250427_16-02-44.TXT
2025-04-27T13:20:19.404000,beacon,,,PASS,,,20250427_16-02-44.TXT
2025-04-27T13:20:19.467000,beacon,,,PASS,,,20250427_16-02-44.TXT
2025-04-27T13:20:34.394000,beacon,,,PASS,,,20250427_16-02-44.TXT
2025-04-27T13:20:34.471000,beacon,,,PASS,,,20250427_16-02-44.TXT
2025-04-27T13:23:04.545000,beacon,-93,-15,FAIL,,,20250427_16-02-44.TXT
2025-04-27T13:33:37.857000,generated_time,,,,00204271300098,,20250427_16-02-44.TXT
2025-04-27T13:33:37.857000,generated_time,,,,00204271300098,,20250427_16-02-44.TXT
2025-04-27T13:45:34.387000,beacon,,,PASS,,,20250427_16-02-44.TXT
2025-04-27T13:45:34.435000,beacon,,,PASS,,,20250427_16-02-44.TXT
2025-04-27T13:45:40.204000,Tx,,,,00204271300001,,20250427_16-02-44.TXT
2025-04-27T13:45:41.947000,Tx,,,,00204271300002,,20250427_16-02-44.TXT
2025-04-27T13:45:43.672000,Tx,,,,00204271300003,,20250427_16-02-44.TXT
2025-04-27T13:45:45.415000,Tx,,,,00204271300004,,20250427_16-02-44.TXT
2025-04-27T13:45:47.157000,Tx,,,,00204271300005,,20250427_16-02-44.TXT
2025-04-27T13:45:49.383000,beacon,,,PASS,,,20250427_16-02-44.TXT
2025-04-27T13:45:49.519000,beacon,,,PASS,,,20250427_16-02-44.TXT
2025-04-27T13:45:54.825000,ACK,,,,,2694,20250427_16-02-44.TXT
2025-04-27T13:45:54.825000,ACK,,,,,2695,20250427_16-02-44.TXT
2025-04-27T13:45:54.825000,ACK,,,,,2696,20250427_16-02-44.TXT
2025-04-27T13:45:54.825000,ACK,,,,,2697,20250427_16-02-44.TXT
2025-04-27T13:45:54.825000,ACK,,,,,2698,20250427_16-02-44.TXT
2025-04-27T13:45:55.208000,Tx,,,,00204271300006,,20250427_16-02-44.TXT
2025-04-27T13:45:56.943000,Tx,,,,00204271300007,,20250427_16-02-44.TXT
2025-04-27T13:45:58.676000,Tx,,,,00204271300008,,20250427_16-02-44.TXT
2025-04-27T13:46:00.418000,Tx,,,,00204271300009,,20250427_16-02-44.TXT
2025-04-27T13:46:02.160000,Tx,,,,00204271300010,,20250427_16-02-44.TXT
2025-04-27T13:46:04.406000,beacon,-92,-13,FAIL,,,20250427_16-02-44.TXT
2025-04-27T13:46:04.567000,beacon,,,PASS,,,20250427_16-02-44.TXT
2025-04-27T13:46:04.646000,beacon,,,PASS,,,20250427_16-02-44.TXT
2025-04-27T13:46:04.748000,beacon,,,PASS,,,20250427_16-02-44.TXT
2025-04-27T13:46:04.830000,beacon,,,PASS,,,20250427_16-02-44.TXT
2025-04-27T13:46:04.903000,beacon,,,PASS,,,20250427_16-02-44.TXT
2025-04-27T13:46:34.374000,beacon,,,PASS,,,20250427_16-02-44.TXT
2025-04-27T13:46:34.438000,beacon,,,PASS,,,20250427_16-02-44.TXT
2025-04-27T13:46:40.210000,Tx,,,,00204271300006,,20250427_16-02-44.TXT
2025-04-27T13:46:41.934000,Tx,,,,00204271300007,,20250427_16-02-44.TXT
2025-04-27T13:46:43.677000,Tx,,,,00204271300008,,20250427_16-02-44.TXT
2025-04-27T13:46:45.418000,Tx,,,,00204271300009,,20250427_16-02-44.TXT
2025-04-27T13:46:47.160000,Tx,,,,00204271300010,,20250427_16-02-44.TXT
2025-04-27T13:46:49.382000,beacon,,,PASS,,,20250427_16-02-44.TXT
2025-04-27T13:46:49.467000,beacon,,,PASS,,,20250427_16-02-44.TXT
2025-04-27T13:46:54.837000,ACK,,,,,2699,20250427_16-02-44.TXT
2025-04-27T13:46:54.837000,ACK,,,,,2700,20250427_16-02-44.TXT
2025-04-27T13:46:54.837000,ACK,,,,,2701,20250427_16-02-44.TXT
2025-04-27T13:46:54.888000,ACK,,,,,2702,20250427_16-02-44.TXT
2025-04-27T13:46:54.888000,ACK,,,,,2703,20250427_16-02-44.TXT
2025-04-27T13:46:55.211000,Tx,,,,00204271300011,,20250427_16-02-44.TXT
2025-04-27T13:46:56.946000,Tx,,,,00204271300012,,20250427_16-02-44.TXT
2025-04-27T13:46:58.673000,Tx,,,,00204271300013,,20250427_16-02-44.TXT
2025-04-27T13:47:00.415000,Tx,,,,00204271300014,,20250427_16-02-44.TXT
2025-04-27T13:47:02.159000,Tx,,,,00204271300015,,20250427_16-02-44.TXT
2025-04-27T13:47:04.378000,beacon,,,PASS,,,20250427_16-02-44.TXT
2025-04-27T13:47:04.483000,beacon,,,PASS,,,20250427_16-02-44.TXT
2025-04-27T13:47:09.835000,ACK,,,,,2704,20250427_16-02-44.TXT
2025-04-27T13:47:09.835000,ACK,,,,,2706,20250427_16-02-44.TXT
2025-04-27T13:47:09.835000,ACK,,,,,2707,20250427_16-02-44.TXT
2025-04-27T13:47:09.835000,ACK,,,,,2708,20250427_16-02-44.TXT
2025-04-27T13:47:10.203000,Tx,,,,00204271300012,,20250427_16-02-44.TXT
2025-04-27T13:47:11.945000,Tx,,,,00204271300016,,20250427_16-02-44.TXT
2025-04-27T13:47:13.682000,Tx,,,,00204271300017,,20250427_16-02-44.TXT
2025-04-27T13:47:15.422000,Tx,,,,00204271300018,,20250427_16-02-44.TXT
2025-04-27T13:47:17.155000,Tx,,,,00204271300019,,20250427_16-02-44.TXT
2025-04-27T13:47:19.377000,beacon,,,PASS,,,20250427_16-02-44.TXT
2025-04-27T13:47:19.486000,beacon,,,PASS,,,20250427_16-02-44.TXT
2025-04-27T13:47:24.825000,ACK,,,,,2705,20250427_16-02-44.TXT
2025-04-27T13:47:24.825000,ACK,,,,,2709,20250427_16-02-44.TXT
2025-04-27T13:47:24.825000,ACK,,,,,2710,20250427_16-02-44.TXT
2025-04-27T13:47:24.825000,ACK,,,,,2711,20250427_16-02-44.TXT
2025-04-27T13:47:24.825000,ACK,,,,,2712,20250427_16-02-44.TXT
2025-04-27T13:47:25.208000,Tx,,,,00204271300020,,20250427_16-02-44.TXT
2025-04-27T13:47:26.945000,Tx,,,,00204271300021,,20250427_16-02-44.TXT
2025-04-27T13:47:28.676000,Tx,,,,00204271300022,,20250427_16-02-44.TXT
2025-04-27T13:47:30.418000,Tx,,,,00204271300023,,20250427_16-02-44.TXT
2025-04-27T13:47:32.164000,Tx,,,,00204271300024,,20250427_16-02-44.TXT
2025-04-27T13:47:34.382000,beacon,,,PASS,,,20250427_16-02-44.TXT
2025-04-27T13:47:34.471000,beacon,,,PASS,,,20250427_16-02-44.TXT
2025-04-27T13:47:39.824000,ACK,,,,,2713,20250427_16-02-44.TXT
2025-04-27T13:47:39.824000,ACK,,,,,2714,20250427_16-02-44.TXT
2025-04-27T13:47:39.824000,ACK,,,,,2715,20250427_16-02-44.TXT
2025-04-27T13:47:39.824000,ACK,,,,,2716,20250427_16-02-44.TXT
2025-04-27T13:47:39.824000,ACK,,,,,2717,20250427_16-02-44.TXT
2025-04-27T13:47:40.208000,Tx,,,,00204271300025,,20250427_16-02-44.TXT
2025-04-27T13:47:41.934000,Tx,,,,00204271300026,,20250427_16-02-44.TXT
2025-04-27T13:47:43.677000,Tx,,,,00204271300027,,20250427_16-02-44.TXT
2025-04-27T13:47:45.420000,Tx,,,,00204271300028,,20250427_16-02-44.TXT
2025-04-27T13:47:47.145000,Tx,,,,00204271300029,,20250427_16-02-44.TXT
2025-04-27T13:47:49.382000,beacon,,,PASS,,,20250427_16-02-44.TXT
2025-04-27T13:47:49.487000,beacon,,,PASS,,,20250427_16-02-44.TXT
2025-04-27T13:47:54.826000,ACK,,,,,2718,20250427_16-02-44.TXT
2025-04-27T13:47:54.826000,ACK,,,,,2719,20250427_16-02-44.TXT
2025-04-27T13:47:54.826000,ACK,,,,,2720,20250427_16-02-44.TXT
2025-04-27T13:47:54.826000,ACK,,,,,2721,20250427_16-02-44.TXT
2025-04-27T13:47:54.826000,ACK,,,,,2722,20250427_16-02-44.TXT
2025-04-27T13:47:55.208000,Tx,,,,00204271300030,,20250427_16-02-44.TXT
2025-04-27T13:47:56.933000,Tx,,,,00204271300031,,20250427_16-02-44.TXT
2025-04-27T13:47:58.676000,Tx,,,,00204271300032,,20250427_16-02-44.TXT
2025-04-27T13:48:00.418000,Tx,,,,00204271300033,,20250427_16-02-44.TXT
2025-04-27T13:48:02.160000,Tx,,,,00204271300034,,20250427_16-02-44.TXT
2025-04-27T13:48:04.385000,beacon,,,PASS,,,20250427_16-02-44.TXT
2025-04-27T13:48:04.482000,beacon,,,PASS,,,20250427_16-02-44.TXT
2025-04-27T13:48:09.836000,ACK,,,,,2723,20250427_16-02-44.TXT
2025-04-27T13:48:09.836000,ACK,,,,,2724,20250427_16-02-44.TXT
2025-04-27T13:48:09.856000,ACK,,,,,2725,20250427_16-02-44.TXT
2025-04-27T13:48:09.856000,ACK,,,,,2726,20250427_16-02-44.TXT
2025-04-27T13:48:09.885000,ACK,,,,,2727,20250427_16-02-44.TXT
2025-04-27T13:48:10.204000,Tx,,,,00204271300035,,20250427_16-02-44.TXT
2025-04-27T13:48:11.948000,Tx,,,,00204271300036,,20250427_16-02-44.TXT
2025-04-27T13:48:13.673000,Tx,,,,00204271300037,,20250427_16-02-44.TXT
2025-04-27T13:48:15.415000,Tx,,,,00204271300038,,20250427_16-02-44.TXT
2025-04-27T13:48:17.157000,Tx,,,,00204271300039,,20250427_16-02-44.TXT
2025-04-27T13:48:19.404000,beacon,-92,-15,FAIL,,,20250427_16-02-44.TXT
2025-04-27T14:11:19.389000,beacon,-93,-14,FAIL,,,20250427_16-02-44.TXT
2025-04-27T14:11:19.535000,beacon,,,PASS,,,20250427_16-02-44.TXT
2025-04-27T14:12:04.368000,beacon,,,PASS,,,20250427_16-02-44.TXT
2025-04-27T14:12:04.433000,beacon,,,PASS,,,20250427_16-02-44.TXT
2025-04-27T14:12:04.525000,beacon,,,PASS,,,20250427_16-02-44.TXT
2025-04-27T14:12:04.604000,beacon,,,PASS,,,20250427_16-02-44.TXT
2025-04-27T14:12:04.669000,beacon,,,PASS,,,20250427_16-02-44.TXT
2025-04-27T14:12:04.765000,beacon,,,PASS,,,20250427_16-02-44.TXT
2025-04-27T14:12:04.844000,beacon,,,PASS,,,20250427_16-02-44.TXT
2025-04-27T14:12:10.181000,Tx,,,,00204271300035,,20250427_16-02-44.TXT
2025-04-27T14:12:11.923000,Tx,,,,00204271300036,,20250427_16-02-44.TXT
2025-04-27T14:12:13.666000,Tx,,,,00204271300037,,20250427_16-02-44.TXT
2025-04-27T14:12:15.403000,Tx,,,,00204271300038,,20250427_16-02-44.TXT
2025-04-27T14:12:17.134000,Tx,,,,00204271300039,,20250427_16-02-44.TXT
2025-04-27T14:12:19.526000,beacon,-92,-15,FAIL,,,20250427_16-02-44.TXT
2025-04-27T14:12:49.386000,beacon,-93,-14,FAIL,,,20250427_16-02-44.TXT
2025-04-27T14:13:19.461000,beacon,-92,-16,FAIL,,,20250427_16-02-44.TXT
2025-04-27T15:25:32.344000,beacon,-94,-16,FAIL,,,20250427_16-02-44.TXT
2025-04-27T15:25:47.405000,beacon,-93,-16,FAIL,,,20250427_16-02-44.TXT
2025-04-27T15:46:02.316000,beacon,-93,-15,FAIL,,,20250427_16-02-44.TXT
2025-04-27T15:49:17.286000,beacon,,,PASS,,,20250427_16-02-44.TXT
2025-04-27T15:49:17.360000,beacon,-93,-13,FAIL,,,20250427_16-02-44.TXT
2025-04-27T15:49:23.103000,Tx,,,,00204271300035,,20250427_16-02-44.TXT
2025-04-27T15:49:24.847000,Tx,,,,00204271300036,,20250427_16-02-44.TXT
2025-04-27T15:49:26.596000,Tx,,,,00204271300037,,20250427_16-02-44.TXT
2025-04-27T15:49:28.330000,Tx,,,,00204271300038,,20250427_16-02-44.TXT
2025-04-27T15:49:30.055000,Tx,,,,00204271300039,,20250427_16-02-44.TXT
2025-04-27T15:49:32.294000,beacon,,,PASS,,,20250427_16-02-44.TXT
2025-04-27T15:49:32.423000,beacon,,,PASS,,,20250427_16-02-44.TXT
2025-04-27T15:49:32.543000,beacon,,,PASS,,,20250427_16-02-44.TXT
2025-04-27T15:49:37.737000,ACK,,,,,2728,20250427_16-02-44.TXT
2025-04-27T15:49:37.737000,ACK,,,,,2729,20250427_16-02-44.TXT
2025-04-27T15:49:37.737000,ACK,,,,,2730,20250427_16-02-44.TXT
2025-04-27T15:49:37.737000,ACK,,,,,2731,20250427_16-02-44.TXT
2025-04-27T15:49:37.737000,ACK,,,,,2732,20250427_16-02-44.TXT
2025-04-27T15:49:38.106000,Tx,,,,00204271300040,,20250427_16-02-44.TXT
2025-04-27T15:49:39.846000,Tx,,,,00204271300041,,20250427_16-02-44.TXT
2025-04-27T15:49:41.591000,Tx,,,,00204271300042,,20250427_16-02-44.TXT
2025-04-27T15:49:43.331000,Tx,,,,00204271300043,,20250427_16-02-44.TXT
2025-04-27T15:49:45.057000,Tx,,,,00204271300044,,20250427_16-02-44.TXT
2025-04-27T15:49:47.407000,beacon,,,PASS,,,20250427_16-02-44.TXT
2025-04-27T15:50:02.334000,beacon,-93,-14,FAIL,,,20250427_16-02-44.TXT
2025-04-27T15:50:17.289000,beacon,,,PASS,,,20250427_16-02-44.TXT
2025-04-27T15:50:17.339000,beacon,,,PASS,,,20250427_16-02-44.TXT
2025-04-27T15:50:17.444000,beacon,,,PASS,,,20250427_16-02-44.TXT
2025-04-27T15:50:23.102000,Tx,,,,00204271300040,,20250427_16-02-44.TXT
2025-04-27T15:50:24.846000,Tx,,,,00204271300041,,20250427_16-02-44.TXT
2025-04-27T15:50:26.596000,Tx,,,,00204271300042,,20250427_16-02-44.TXT
2025-04-27T15:50:28.335000,Tx,,,,00204271300043,,20250427_16-02-44.TXT
2025-04-27T15:50:30.055000,Tx,,,,00204271300044,,20250427_16-02-44.TXT
2025-04-27T15:50:32.292000,beacon,,,PASS,,,20250427_16-02-44.TXT
2025-04-27T15:50:32.406000,beacon,,,PASS,,,20250427_16-02-44.TXT
2025-04-27T15:50:37.745000,ACK,,,,,2733,20250427_16-02-44.TXT
2025-04-27T15:50:37.745000,ACK,,,,,2734,20250427_16-02-44.TXT
2025-04-27T15:50:37.745000,ACK,,,,,2735,20250427_16-02-44.TXT
2025-04-27T15:50:37.745000,ACK,,,,,2736,20250427_16-02-44.TXT
2025-04-27T15:50:37.745000,ACK,,,,,2737,20250427_16-02-44.TXT
2025-04-27T15:50:38.112000,Tx,,,,00204271300045,,20250427_16-02-44.TXT
2025-04-27T15:50:39.854000,Tx,,,,00204271300046,,20250427_16-02-44.TXT
2025-04-27T15:50:41.581000,Tx,,,,00204271300047,,20250427_16-02-44.TXT
2025-04-27T15:50:43.322000,Tx,,,,00204271300048,,20250427_16-02-44.TXT
2025-04-27T15:50:45.077000,Tx,,,,00204271300049,,20250427_16-02-44.TXT
2025-04-27T15:50:47.286000,beacon,,,PASS,,,20250427_16-02-44.TXT
2025-04-27T15:50:47.380000,beacon,,,PASS,,,20250427_16-02-44.TXT
2025-04-27T15:50:52.733000,ACK,,,,,2738,20250427_16-02-44.TXT
2025-04-27T15:50:52.733000,ACK,,,,,2739,20250427_16-02-44.TXT
2025-04-27T15:50:52.733000,ACK,,,,,2740,20250427_16-02-44.TXT
2025-04-27T15:50:52.733000,ACK,,,,,2741,20250427_16-02-44.TXT
2025-04-27T15:50:52.733000,ACK,,,,,2742,20250427_16-02-44.TXT
2025-04-27T15:50:53.121000,Tx,,,,00204271300050,,20250427_16-02-44.TXT
2025-04-27T15:50:54.843000,Tx,,,,00204271300051,,20250427_16-02-44.TXT
2025-04-27T15:50:56.585000,Tx,,,,00204271300052,,20250427_16-02-44.TXT
2025-04-27T15:50:58.327000,Tx,,,,00204271300053,,20250427_16-02-44.TXT
2025-04-27T15:51:00.055000,Tx,,,,00204271300054,,20250427_16-02-44.TXT
2025-04-27T15:51:02.313000,beacon,-93,-16,FAIL,,,20250427_16-02-44.TXT
2025-04-27T15:51:17.313000,beacon,-93,-15,FAIL,,,20250427_16-02-44.TXT
2025-04-27T19:33:45.245000,beacon,-91,-13,FAIL,,,20250427_23-04-55.TXT
2025-04-27T19:33:45.277000,beacon,-91,-14,FAIL,,,20250427_23-04-55.TXT
2025-04-27T19:34:00.244000,beacon,-90,-15,FAIL,,,20250427_23-04-55.TXT
2025-04-27T19:47:34.195000,beacon,,,PASS,,,20250427_23-04-55.TXT
2025-04-27T19:47:34.259000,beacon,,,PASS,,,20250427_23-04-55.TXT
2025-04-27T19:47:41.753000,Tx,,,,00204271300050,,20250427_23-04-55.TXT
2025-04-27T19:47:43.496000,Tx,,,,00204271300051,,20250427_23-04-55.TXT
2025-04-27T19:47:45.238000,Tx,,,,00204271300052,,20250427_23-04-55.TXT
2025-04-27T19:47:46.964000,Tx,,,,00204271300053,,20250427_23-04-55.TXT
2025-04-27T19:48:04.224000,beacon,-90,-15,FAIL,,,20250427_23-04-55.TXT
2025-04-27T19:48:04.256000,beacon,-90,-15,FAIL,,,20250427_23-04-55.TXT
2025-04-27T19:48:19.224000,beacon,-90,-15,FAIL,,,20250427_23-04-55.TXT
2025-04-27T19:48:19.416000,beacon,-90,-16,FAIL,,,20250427_23-04-55.TXT
2025-04-27T20:13:49.417000,beacon,-91,-15,FAIL,,,20250427_23-04-55.TXT
2025-04-27T20:14:19.159000,beacon,,,PASS,,,20250427_23-04-55.TXT
2025-04-27T20:14:19.252000,beacon,,,PASS,,,20250427_23-04-55.TXT
2025-04-27T20:14:19.330000,beacon,,,PASS,,,20250427_23-04-55.TXT
2025-04-27T20:14:19.474000,beacon,,,PASS,,,20250427_23-04-55.TXT
2025-04-27T20:14:19.553000,beacon,,,PASS,,,20250427_23-04-55.TXT
2025-04-27T20:14:19.647000,beacon,,,PASS,,,20250427_23-04-55.TXT
2025-04-27T20:14:26.727000,Tx,,,,00204271300050,,20250427_23-04-55.TXT
2025-04-27T20:14:28.469000,Tx,,,,00204271300051,,20250427_23-04-55.TXT
2025-04-27T20:14:30.196000,Tx,,,,00204271300052,,20250427_23-04-55.TXT
2025-04-27T20:14:31.937000,Tx,,,,00204271300053,,20250427_23-04-55.TXT
2025-04-27T20:14:34.175000,beacon,,,PASS,,,20250427_23-04-55.TXT
2025-04-27T20:14:34.287000,beacon,,,PASS,,,20250427_23-04-55.TXT
2025-04-27T20:14:39.913000,ACK,,,,,2806,20250427_23-04-55.TXT
2025-04-27T20:14:39.913000,ACK,,,,,2743,20250427_23-04-55.TXT
2025-04-27T20:14:39.913000,ACK,,,,,2744,20250427_23-04-55.TXT
2025-04-27T20:14:39.913000,ACK,,,,,2745,20250427_23-04-55.TXT
2025-04-27T20:14:39.913000,ACK,,,,,2746,20250427_23-04-55.TXT
2025-04-27T20:14:41.734000,Tx,,,,00204271300054,,20250427_23-04-55.TXT
2025-04-27T20:14:43.460000,Tx,,,,00204271300055,,20250427_23-04-55.TXT
2025-04-27T20:14:45.202000,Tx,,,,00204271300056,,20250427_23-04-55.TXT
2025-04-27T20:14:46.944000,Tx,,,,00204271300057,,20250427_23-04-55.TXT
2025-04-27T20:15:04.190000,beacon,-91,-16,FAIL,,,20250427_23-04-55.TXT
2025-04-27T20:15:19.192000,beacon,-90,-14,FAIL,,,20250427_23-04-55.TXT
2025-04-27T20:15:19.342000,beacon,,,PASS,,,20250427_23-04-55.TXT
2025-04-27T20:15:19.487000,beacon,,,PASS,,,20250427_23-04-55.TXT
2025-04-27T20:40:34.170000,beacon,-90,-14,FAIL,,,20250427_23-04-55.TXT
2025-04-27T20:40:34.438000,beacon,,,PASS,,,20250427_23-04-55.TXT
2025-04-27T20:40:34.501000,beacon,,,PASS,,,20250427_23-04-55.TXT
2025-04-27T20:40:34.598000,beacon,,,PASS,,,20250427_23-04-55.TXT
2025-04-27T20:41:04.132000,beacon,,,PASS,,,20250427_23-04-55.TXT
2025-04-27T20:41:04.211000,beacon,,,PASS,,,20250427_23-04-55.TXT
2025-04-27T20:41:04.287000,beacon,,,PASS,,,20250427_23-04-55.TXT
2025-04-27T20:41:04.365000,beacon,,,PASS,,,20250427_23-04-55.TXT
2025-04-27T20:41:04.451000,beacon,,,PASS,,,20250427_23-04-55.TXT
2025-04-27T20:41:04.538000,beacon,,,PASS,,,20250427_23-04-55.TXT
2025-04-27T20:41:04.614000,beacon,,,PASS,,,20250427_23-04-55.TXT
2025-04-27T20:41:09.968000,Tx,,,,00204271300058,,20250427_23-04-55.TXT
2025-04-27T20:41:11.695000,Tx,,,,00204271300054,,20250427_23-04-55.TXT
2025-04-27T20:41:13.436000,Tx,,,,00204271300055,,20250427_23-04-55.TXT
2025-04-27T20:41:15.179000,Tx,,,,00204271300056,,20250427_23-04-55.TXT
2025-04-27T20:41:16.920000,Tx,,,,00204271300057,,20250427_23-04-55.TXT
2025-04-27T20:41:19.164000,beacon,-90,-13,FAIL,,,20250427_23-04-55.TXT
2025-04-27T20:41:49.695000,beacon,-90,-14,FAIL,,,20250427_23-04-55.TXT
2025-04-27T20:42:04.143000,beacon,,,PASS,,,20250427_23-04-55.TXT
2025-04-27T20:42:04.245000,beacon,,,PASS,,,20250427_23-04-55.TXT
2025-04-27T20:42:09.967000,Tx,,,,00204271300058,,20250427_23-04-55.TXT
2025-04-27T20:42:11.692000,Tx,,,,00204271300054,,20250427_23-04-55.TXT
2025-04-27T20:42:13.435000,Tx,,,,00204271300055,,20250427_23-04-55.TXT
2025-04-27T20:42:15.176000,Tx,,,,00204271300056,,20250427_23-04-55.TXT
2025-04-27T20:42:16.918000,Tx,,,,00204271300057,,20250427_23-04-55.TXT
2025-04-27T20:42:19.308000,beacon,-91,-16,FAIL,,,20250427_23-04-55.TXT
2025-04-27T20:42:19.388000,beacon,-90,-15,FAIL,,,20250427_23-04-55.TXT
2025-04-27T20:42:34.139000,beacon,,,PASS,,,20250427_23-04-55.TXT
2025-04-27T20:42:34.203000,beacon,-90,-14,FAIL,,,20250427_23-04-55.TXT
2025-04-27T20:42:39.956000,Tx,,,,00204271300058,,20250427_23-04-55.TXT
2025-04-27T20:42:41.697000,Tx,,,,00204271300054,,20250427_23-04-55.TXT
2025-04-27T20:42:43.440000,Tx,,,,00204271300055,,20250427_23-04-55.TXT
2025-04-27T20:42:45.166000,Tx,,,,00204271300056,,20250427_23-04-55.TXT
2025-04-27T20:42:46.908000,Tx,,,,00204271300057,,20250427_23-04-55.TXT
2025-04-27T20:42:49.129000,beacon,,,PASS,,,20250427_23-04-55.TXT
2025-04-27T20:42:49.239000,beacon,,,PASS,,,20250427_23-04-55.TXT
2025-04-27T20:42:49.394000,beacon,,,PASS,,,20250427_23-04-55.TXT
2025-04-27T20:42:54.588000,ACK,,,,,2751,20250427_23-04-55.TXT
2025-04-27T20:42:54.588000,ACK,,,,,2747,20250427_23-04-55.TXT
2025-04-27T20:42:54.588000,ACK,,,,,2748,20250427_23-04-55.TXT
2025-04-27T20:42:54.588000,ACK,,,,,2749,20250427_23-04-55.TXT
2025-04-27T20:42:54.588000,ACK,,,,,2750,20250427_23-04-55.TXT
2025-04-27T20:42:54.955000,Tx,,,,00204271300059,,20250427_23-04-55.TXT
2025-04-27T20:42:56.698000,Tx,,,,00204271300060,,20250427_23-04-55.TXT
2025-04-27T20:42:58.440000,Tx,,,,00204271300061,,20250427_23-04-55.TXT
2025-04-27T20:43:00.165000,Tx,,,,0020427130,,20250427_23-04-55.TXT
2025-04-27T20:43:01.907000,Tx,,,,00204271300063,,20250427_23-04-55.TXT
2025-04-27T20:43:04.130000,beacon,,,PASS,,,20250427_23-04-55.TXT
2025-04-27T20:43:04.238000,beacon,,,PASS,,,20250427_23-04-55.TXT
2025-04-27T20:43:09.592000,ACK,,,,,2752,20250427_23-04-55.TXT
2025-04-27T20:43:09.592000,ACK,,,,,2753,20250427_23-04-55.TXT
2025-04-27T20:43:09.592000,ACK,,,,,2754,20250427_23-04-55.TXT
2025-04-27T20:43:09.592000,ACK,,,,,2755,20250427_23-04-55.TXT
2025-04-27T20:43:09.592000,ACK,,,,,2756,20250427_23-04-55.TXT
2025-04-27T20:43:09.959000,Tx,,,,00204271300064,,20250427_23-04-55.TXT
2025-04-27T20:43:11.702000,Tx,,,,00204271300065,,20250427_23-04-55.TXT
2025-04-27T20:43:13.428000,Tx,,,,00204271300066,,20250427_23-04-55.TXT
2025-04-27T20:43:15.171000,Tx,,,,00204271300067,,20250427_23-04-55.TXT
2025-04-27T20:43:16.912000,Tx,,,,00204271300068,,20250427_23-04-55.TXT
2025-04-27T20:43:19.133000,beacon,,,PASS,,,20250427_23-04-55.TXT
2025-04-27T20:43:19.226000,beacon,,,PASS,,,20250427_23-04-55.TXT
2025-04-27T20:43:24.584000,ACK,,,,,2757,20250427_23-04-55.TXT
2025-04-27T20:43:24.584000,ACK,,,,,2758,20250427_23-04-55.TXT
2025-04-27T20:43:24.584000,ACK,,,,,2759,20250427_23-04-55.TXT
2025-04-27T20:43:24.584000,ACK,,,,,2760,20250427_23-04-55.TXT
2025-04-27T20:43:24.584000,ACK,,,,,2761,20250427_23-04-55.TXT
2025-04-27T20:43:24.964000,Tx,,,,00204271300069,,20250427_23-04-55.TXT
2025-04-27T20:43:26.691000,Tx,,,,00204271300070,,20250427_23-04-55.TXT
2025-04-27T20:43:28.433000,Tx,,,,00204271300071,,20250427_23-04-55.TXT
2025-04-27T20:43:30.174000,Tx,,,,00204271300072,,20250427_23-04-55.TXT
2025-04-27T20:43:31.917000,Tx,,,,00204271300073,,20250427_23-04-55.TXT
2025-04-27T20:43:34.138000,beacon,,,PASS,,,20250427_23-04-55.TXT
2025-04-27T20:43:34.223000,beacon,,,PASS,,,20250427_23-04-55.TXT
2025-04-27T20:43:39.593000,ACK,,,,,2762,20250427_23-04-55.TXT
2025-04-27T20:43:39.593000,ACK,,,,,2763,20250427_23-04-55.TXT
2025-04-27T20:43:39.593000,ACK,,,,,2764,20250427_23-04-55.TXT
2025-04-27T20:43:39.593000,ACK,,,,,2765,20250427_23-04-55.TXT
2025-04-27T20:43:39.593000,ACK,,,,,2766,20250427_23-04-55.TXT
2025-04-27T20:43:39.960000,Tx,,,,00204271300074,,20250427_23-04-55.TXT
2025-04-27T20:43:41.703000,Tx,,,,00204271300075,,20250427_23-04-55.TXT
2025-04-27T20:43:43.428000,Tx,,,,00204271300076,,20250427_23-04-55.TXT
2025-04-27T20:43:45.170000,Tx,,,,00204271300077,,20250427_23-04-55.TXT
2025-04-27T20:43:46.912000,Tx,,,,00204271300078,,20250427_23-04-55.TXT
2025-04-27T21:06:04.120000,beacon,,,PASS,,,20250427_23-04-55.TXT
2025-04-27T21:06:04.223000,beacon,-90,-14,FAIL,,,20250427_23-04-55.TXT
2025-04-27T21:06:09.947000,Tx,,,,00204271300074,,20250427_23-04-55.TXT
2025-04-27T21:06:11.671000,Tx,,,,00204271300075,,20250427_23-04-55.TXT
2025-04-27T21:06:13.412000,Tx,,,,00204271300076,,20250427_23-04-55.TXT
2025-04-27T21:06:15.154000,Tx,,,,00204271300077,,20250427_23-04-55.TXT
2025-04-27T21:06:16.897000,Tx,,,,00204271300078,,20250427_23-04-55.TXT
2025-04-27T21:06:34.141000,beacon,-90,-16,FAIL,,,20250427_23-04-55.TXT
2025-04-27T21:06:49.115000,beacon,,,PASS,,,20250427_23-04-55.TXT
2025-04-27T21:06:49.164000,beacon,,,PASS,,,20250427_23-04-55.TXT
2025-04-27T21:06:54.934000,Tx,,,,00204271300074,,20250427_23-04-55.TXT
2025-04-27T21:06:56.675000,Tx,,,,00204271300075,,20250427_23-04-55.TXT
2025-04-27T21:06:58.417000,Tx,,,,00204271300076,,20250427_23-04-55.TXT
2025-04-27T21:07:00.143000,Tx,,,,00204271300077,,20250427_23-04-55.TXT
2025-04-27T21:07:01.886000,Tx,,,,00204271300078,,20250427_23-04-55.TXT
2025-04-27T21:07:04.139000,beacon,-90,-14,FAIL,,,20250427_23-04-55.TXT
2025-04-27T21:07:19.141000,beacon,-90,-13,FAIL,,,20250427_23-04-55.TXT
2025-04-27T21:07:19.349000,beacon,,,PASS,,,20250427_23-04-55.TXT
2025-04-27T21:07:34.180000,beacon,,,PASS,,,20250427_23-04-55.TXT
2025-04-27T21:07:49.185000,beacon,,,PASS,,,20250427_23-04-55.TXT
2025-04-27T21:08:19.139000,beacon,-90,-14,FAIL,,,20250427_23-04-55.TXT
2025-04-27T21:08:34.136000,beacon,-90,-14,FAIL,,,20250427_23-04-55.TXT
2025-04-27T21:09:19.137000,beacon,-90,-15,FAIL,,,20250427_23-04-55.TXT
2025-04-27T21:10:04.110000,beacon,,,PASS,,,20250427_23-04-55.TXT
2025-04-27T21:10:04.287000,beacon,-91,-12,FAIL,,,20250427_23-04-55.TXT
2025-04-27T21:10:09.927000,Tx,,,,00204271300074,,20250427_23-04-55.TXT
2025-04-27T21:10:11.670000,Tx,,,,00204271300075,,20250427_23-04-55.TXT
2025-04-27T21:10:13.412000,Tx,,,,00204271300076,,20250427_23-04-55.TXT
2025-04-27T21:10:15.155000,Tx,,,,00204271300077,,20250427_23-04-55.TXT
2025-04-27T21:10:16.880000,Tx,,,,00204271300078,,20250427_23-04-55.TXT
2025-04-27T21:10:34.109000,beacon,,,PASS,,,20250427_23-04-55.TXT
2025-04-27T21:10:34.157000,beacon,,,PASS,,,20250427_23-04-55.TXT
2025-04-27T21:10:39.927000,Tx,,,,00204271300074,,20250427_23-04-55.TXT
2025-04-27T21:10:41.669000,Tx,,,,00204271300075,,20250427_23-04-55.TXT
2025-04-27T21:10:43.411000,Tx,,,,00204271300076,,20250427_23-04-55.TXT
2025-04-27T21:10:45.153000,Tx,,,,00204271300077,,20250427_23-04-55.TXT
2025-04-27T21:10:46.878000,Tx,,,,00204271300078,,20250427_23-04-55.TXT
2025-04-27T21:10:49.137000,beacon,-90,-15,FAIL,,,20250427_23-04-55.TXT
2025-04-27T21:11:04.112000,beacon,,,PASS,,,20250427_23-04-55.TXT
2025-04-27T21:11:09.929000,Tx,,,,00204271300074,,20250427_23-04-55.TXT
2025-04-27T21:11:11.671000,Tx,,,,00204271300075,,20250427_23-04-55.TXT
2025-04-27T21:11:13.413000,Tx,,,,00204271300076,,20250427_23-04-55.TXT
2025-04-27T21:11:15.139000,Tx,,,,00204271300077,,20250427_23-04-55.TXT
2025-04-27T21:11:16.882000,Tx,,,,00204271300078,,20250427_23-04-55.TXT
2025-04-27T21:11:19.199000,beacon,,,PASS,,,20250427_23-04-55.TXT
2025-04-27T21:31:19.155000,beacon,-90,-15,FAIL,,,20250427_23-04-55.TXT
2025-04-27T21:31:34.088000,beacon,,,PASS,,,20250427_23-04-55.TXT
2025-04-27T21:31:34.180000,beacon,,,PASS,,,20250427_23-04-55.TXT
2025-04-27T21:31:39.918000,Tx,,,,00204271300074,,20250427_23-04-55.TXT
2025-04-27T21:31:41.660000,Tx,,,,00204271300075,,20250427_23-04-55.TXT
2025-04-27T21:31:43.386000,Tx,,,,00204271300076,,20250427_23-04-55.TXT
2025-04-27T21:31:45.127000,Tx,,,,00204271300077,,20250427_23-04-55.TXT
2025-04-27T21:31:46.870000,Tx,,,,00204271300078,,20250427_23-04-55.TXT
2025-04-27T21:32:04.119000,beacon,-90,-14,FAIL,,,20250427_23-04-55.TXT
2025-04-27T21:32:49.172000,beacon,-90,-15,FAIL,,,20250427_23-04-55.TXT
2025-04-27T21:33:19.116000,beacon,-89,-14,FAIL,,,20250427_23-04-55.TXT
2025-04-27T21:33:34.091000,beacon,,,PASS,,,20250427_23-04-55.TXT
2025-04-27T21:33:34.199000,beacon,,,PASS,,,20250427_23-04-55.TXT
2025-04-27T21:33:39.921000,Tx,,,,00204271300074,,20250427_23-04-55.TXT
2025-04-27T21:33:41.647000,Tx,,,,00204271300075,,20250427_23-04-55.TXT
2025-04-27T21:33:43.389000,Tx,,,,00204271300076,,20250427_23-04-55.TXT
2025-04-27T21:33:45.131000,Tx,,,,00204271300077,,20250427_23-04-55.TXT
2025-04-27T21:33:46.873000,Tx,,,,00204271300078,,20250427_23-04-55.TXT
2025-04-27T21:33:49.094000,beacon,,,PASS,,,20250427_23-04-55.TXT
2025-04-27T21:33:49.294000,beacon,,,PASS,,,20250427_23-04-55.TXT
2025-04-27T21:33:49.341000,beacon,,,PASS,,,20250427_23-04-55.TXT
2025-04-27T21:33:54.919000,Tx,,,,00204271300074,,20250427_23-04-55.TXT
2025-04-27T21:33:56.646000,Tx,,,,00204271300075,,20250427_23-04-55.TXT
2025-04-27T21:33:58.388000,Tx,,,,00204271300076,,20250427_23-04-55.TXT
2025-04-27T21:34:00.129000,Tx,,,,00204271300077,,20250427_23-04-55.TXT
2025-04-27T21:34:01.871000,Tx,,,,00204271300078,,20250427_23-04-55.TXT
2025-04-27T21:34:04.115000,beacon,-90,-14,FAIL,,,20250427_23-04-55.TXT
2025-04-27T21:34:19.260000,beacon,,,PASS,,,20250427_23-04-55.TXT
2025-04-27T21:34:34.091000,beacon,,,PASS,,,20250427_23-04-55.TXT
2025-04-27T21:34:34.217000,beacon,,,PASS,,,20250427_23-04-55.TXT
2025-04-27T21:34:39.907000,Tx,,,,00204271300074,,20250427_23-04-55.TXT
2025-04-27T21:34:41.650000,Tx,,,,00204271300075,,20250427_23-04-55.TXT
2025-04-27T21:34:43.392000,Tx,,,,00204271300076,,20250427_23-04-55.TXT
2025-04-27T21:34:45.117000,Tx,,,,00204271300077,,20250427_23-04-55.TXT
2025-04-27T21:34:46.860000,Tx,,,,00204271300078,,20250427_23-04-55.TXT
2025-04-27T21:34:49.097000,beacon,,,PASS,,,20250427_23-04-55.TXT
2025-04-27T21:34:49.281000,beacon,,,PASS,,,20250427_23-04-55.TXT
2025-04-27T21:34:54.539000,ACK,,,,,2767,20250427_23-04-55.TXT
2025-04-27T21:34:54.539000,ACK,,,,,2768,20250427_23-04-55.TXT
2025-04-27T21:34:54.539000,ACK,,,,,2769,20250427_23-04-55.TXT
2025-04-27T21:34:54.539000,ACK,,,,,2770,20250427_23-04-55.TXT
2025-04-27T21:34:54.539000,ACK,,,,,2771,20250427_23-04-55.TXT
2025-04-27T21:34:54.907000,Tx,,,,00204271300079,,20250427_23-04-55.TXT
2025-04-27T21:34:56.649000,Tx,,,,00204271300080,,20250427_23-04-55.TXT
2025-04-27T21:34:58.390000,Tx,,,,00204271300081,,20250427_23-04-55.TXT
2025-04-27T21:35:00.117000,Tx,,,,00204271300082,,20250427_23-04-55.TXT
2025-04-27T21:35:01.859000,Tx,,,,00204271300083,,20250427_23-04-55.TXT
2025-04-27T21:35:04.114000,beacon,-90,-13,FAIL,,,20250427_23-04-55.TXT
2025-04-27T21:36:04.113000,beacon,-90,-17,FAIL,,,20250427_23-04-55.TXT
2025-04-27T21:36:19.243000,beacon,-91,-15,FAIL,,,20250427_23-04-55.TXT
2025-04-27T21:36:34.115000,beacon,-90,-16,FAIL,,,20250427_23-04-55.TXT
2025-04-27T21:36:34.221000,beacon,-91,-16,FAIL,,,20250427_23-04-55.TXT
2025-04-27T21:36:49.115000,beacon,-90,-13,FAIL,,,20250427_23-04-55.TXT
2025-04-27T21:37:04.113000,beacon,-90,-13,FAIL,,,20250427_23-04-55.TXT
2025-04-27T21:57:49.212000,beacon,-90,-14,FAIL,,,20250427_23-04-55.TXT
2025-04-27T21:57:49.341000,beacon,-90,-14,FAIL,,,20250427_23-04-55.TXT
2025-04-27T21:57:49.426000,beacon,-90,-14,FAIL,,,20250427_23-04-55.TXT
2025-04-27T21:58:19.364000,beacon,-90,-15,FAIL,,,20250427_23-04-55.TXT
2025-04-27T21:58:34.291000,beacon,-90,-15,FAIL,,,20250427_23-04-55.TXT
2025-04-27T21:58:49.120000,beacon,,,PASS,,,20250427_23-04-55.TXT
2025-04-27T21:59:19.070000,beacon,,,PASS,,,20250427_23-04-55.TXT
2025-04-27T21:59:19.166000,beacon,,,PASS,,,20250427_23-04-55.TXT
2025-04-27T21:59:24.892000,Tx,,,,00204271300079,,20250427_23-04-55.TXT
2025-04-27T21:59:26.633000,Tx,,,,00204271300080,,20250427_23-04-55.TXT
2025-04-27T21:59:28.360000,Tx,,,,00204271300081,,20250427_23-04-55.TXT
2025-04-27T21:59:30.102000,Tx,,,,00204271300082,,20250427_23-04-55.TXT
2025-04-27T21:59:31.844000,Tx,,,,00204271300083,,20250427_23-04-55.TXT
2025-04-27T21:59:34.209000,beacon,,,PASS,,,20250427_23-04-55.TXT
2025-04-27T21:59:49.151000,beacon,,,PASS,,,20250427_23-04-55.TXT
2025-04-27T22:00:04.079000,beacon,,,PASS,,,20250427_23-04-55.TXT
2025-04-27T22:00:04.194000,beacon,,,PASS,,,20250427_23-04-55.TXT
2025-04-27T22:00:09.885000,Tx,,,,00204271300079,,20250427_23-04-55.TXT
2025-04-27T22:00:11.627000,Tx,,,,00204271300080,,20250427_23-04-55.TXT
2025-04-27T22:00:13.369000,Tx,,,,00204271300081,,20250427_23-04-55.TXT
2025-04-27T22:00:15.111000,Tx,,,,00204271300082,,20250427_23-04-55.TXT
2025-04-27T22:00:16.837000,Tx,,,,00204271300083,,20250427_23-04-55.TXT
2025-04-27T22:00:19.074000,beacon,,,PASS,,,20250427_23-04-55.TXT
2025-04-27T22:00:19.243000,beacon,,,PASS,,,20250427_23-04-55.TXT
2025-04-27T22:00:19.320000,beacon,,,PASS,,,20250427_23-04-55.TXT
2025-04-27T22:00:24.514000,ACK,,,,,2772,20250427_23-04-55.TXT
2025-04-27T22:00:24.514000,ACK,,,,,2773,20250427_23-04-55.TXT
2025-04-27T22:00:24.514000,ACK,,,,,2774,20250427_23-04-55.TXT
2025-04-27T22:00:24.514000,ACK,,,,,2775,20250427_23-04-55.TXT
2025-04-27T22:00:24.514000,ACK,,,,,2776,20250427_23-04-55.TXT
2025-04-27T22:00:24.897000,Tx,,,,00204271300084,,20250427_23-04-55.TXT
2025-04-27T22:00:26.623000,Tx,,,,00204271300085,,20250427_23-04-55.TXT
2025-04-27T22:00:28.368000,Tx,,,,00204271300086,,20250427_23-04-55.TXT
2025-04-27T22:00:30.111000,Tx,,,,00204271300087,,20250427_23-04-55.TXT
2025-04-27T22:00:31.850000,Tx,,,,00204271300088,,20250427_23-04-55.TXT
2025-04-27T22:00:34.071000,beacon,,,PASS,,,20250427_23-04-55.TXT
2025-04-27T22:00:39.889000,Tx,,,,00204271300084,,20250427_23-04-55.TXT
2025-04-27T22:00:41.630000,Tx,,,,00204271300085,,20250427_23-04-55.TXT
2025-04-27T22:00:43.373000,Tx,,,,00204271300086,,20250427_23-04-55.TXT
2025-04-27T22:00:45.101000,Tx,,,,00204271300087,,20250427_23-04-55.TXT
2025-04-27T22:00:46.841000,Tx,,,,00204271300088,,20250427_23-04-55.TXT
2025-04-27T22:00:49.095000,beacon,-90,-14,FAIL,,,20250427_23-04-55.TXT
2025-04-27T22:00:49.361000,beacon,,,PASS,,,20250427_23-04-55.TXT
2025-04-27T22:02:04.061000,beacon,,,PASS,,,20250427_23-04-55.TXT
2025-04-27T22:02:04.176000,beacon,,,PASS,,,20250427_23-04-55.TXT
2025-04-27T22:02:09.882000,Tx,,,,00204271300084,,20250427_23-04-55.TXT
2025-04-27T22:02:11.623000,Tx,,,,00204271300085,,20250427_23-04-55.TXT
2025-04-27T22:02:13.366000,Tx,,,,00204271300086,,20250427_23-04-55.TXT
2025-04-27T22:02:15.108000,Tx,,,,00204271300087,,20250427_23-04-55.TXT
2025-04-27T22:02:16.833000,Tx,,,,00204271300088,,20250427_23-04-55.TXT
2025-04-27T22:02:34.094000,beacon,-91,-16,FAIL,,,20250427_23-04-55.TXT
2025-04-27T22:02:49.069000,beacon,,,PASS,,,20250427_23-04-55.TXT
2025-04-27T22:02:49.224000,beacon,,,PASS,,,20250427_23-04-55.TXT
2025-04-27T22:02:54.881000,Tx,,,,00204271300084,,20250427_23-04-55.TXT
2025-04-27T22:02:56.623000,Tx,,,,00204271300085,,20250427_23-04-55.TXT
2025-04-27T22:02:58.365000,Tx,,,,00204271300086,,20250427_23-04-55.TXT
2025-04-27T22:03:00.107000,Tx,,,,00204271300087,,20250427_23-04-55.TXT
2025-04-27T22:03:01.833000,Tx,,,,00204271300088,,20250427_23-04-55.TXT
2025-04-27T22:03:34.093000,beacon,-90,-14,FAIL,,,20250427_23-04-55.TXT
2025-04-27T22:04:04.093000,beacon,-90,-13,FAIL,,,20250427_23-04-55.TXT
2025-04-27T22:04:19.069000,beacon,,,PASS,,,20250427_23-04-55.TXT
2025-04-27T22:04:19.253000,beacon,,,PASS,,,20250427_23-04-55.TXT
2025-04-27T22:04:24.893000,Tx,,,,00204271300084,,20250427_23-04-55.TXT
2025-04-27T22:04:26.620000,Tx,,,,00204271300085,,20250427_23-04-55.TXT
2025-04-27T22:04:28.361000,Tx,,,,00204271300086,,20250427_23-04-55.TXT
2025-04-27T22:04:30.104000,Tx,,,,00204271300087,,20250427_23-04-55.TXT
2025-04-27T22:04:31.845000,Tx,,,,00204271300088,,20250427_23-04-55.TXT
2025-04-27T22:04:34.067000,beacon,,,PASS,,,20250427_23-04-55.TXT
2025-04-27T22:04:34.179000,beacon,-90,-13,FAIL,,,20250427_23-04-55.TXT
2025-04-27T22:04:39.894000,Tx,,,,00204271300084,,20250427_23-04-55.TXT
2025-04-27T22:04:41.621000,Tx,,,,00204271300085,,20250427_23-04-55.TXT
2025-04-27T22:04:43.362000,Tx,,,,00204271300086,,20250427_23-04-55.TXT
2025-04-27T22:04:45.105000,Tx,,,,00204271300087,,20250427_23-04-55.TXT
2025-04-27T22:04:46.847000,Tx,,,,00204271300088,,20250427_23-04-55.TXT
2025-04-27T22:04:49.092000,beacon,-90,-14,FAIL,,,20250427_23-04-55.TXT
2025-04-27T22:32:40.071000,beacon,-90,-16,FAIL,,,20250427_23-04-55.TXT
2025-05-04T15:49:02.786000,beacon,-90,-16,FAIL,,,20250504_0035-09.TXT
2025-05-04T15:49:03.128000,beacon,-90,-16,FAIL,,,20250504_0035-09.TXT
2025-05-04T15:50:16.297000,beacon,-90,-16,FAIL,,,20250504_0035-09.TXT
2025-05-04T15:50:17.756000,beacon,,,PASS,,,20250504_0035-09.TXT
2025-05-04T15:50:17.955000,beacon,,,PASS,,,20250504_0035-09.TXT
2025-05-04T15:50:18.097000,beacon,-90,-14,FAIL,,,20250504_0035-09.TXT
2025-05-04T15:50:27.917000,Tx,,,,00205031500001,,20250504_0035-09.TXT
2025-05-04T15:50:45.750000,beacon,,,PASS,,,20250504_0035-09.TXT
2025-05-04T15:50:45.906000,beacon,,,PASS,,,20250504_0035-09.TXT
2025-05-04T15:50:46.058000,beacon,,,PASS,,,20250504_0035-09.TXT
2025-05-04T15:50:46.121000,beacon,,,PASS,,,20250504_0035-09.TXT
2025-05-04T15:50:46.216000,beacon,,,PASS,,,20250504_0035-09.TXT
2025-05-04T15:50:55.924000,Tx,,,,00205031500001,,20250504_0035-09.TXT
2025-05-04T15:51:00.755000,beacon,,,PASS,,,20250504_0035-09.TXT
2025-05-04T15:51:00.847000,beacon,,,PASS,,,20250504_0035-09.TXT
2025-05-04T15:51:01.002000,beacon,,,PASS,,,20250504_0035-09.TXT
2025-05-04T15:51:01.066000,beacon,-90,-13,FAIL,,,20250504_0035-09.TXT
2025-05-04T15:51:06.509000,ACK,,,,,3333,20250504_0035-09.TXT
2025-05-04T15:51:06.573000,Tx,,,,00205031500001,,20250504_0035-09.TXT
2025-05-04T15:51:15.753000,beacon,,,PASS,,,20250504_0035-09.TXT
2025-05-04T15:51:15.932000,beacon,,,PASS,,,20250504_0035-09.TXT
2025-05-04T15:51:16.074000,beacon,,,PASS,,,20250504_0035-09.TXT
2025-05-04T15:51:16.137000,beacon,,,PASS,,,20250504_0035-09.TXT
2025-05-04T15:51:16.234000,beacon,,,PASS,,,20250504_0035-09.TXT
2025-05-04T15:51:21.193000,ACK,,,,,3270,20250504_0035-09.TXT
2025-05-04T15:51:30.757000,beacon,,,PASS,,,20250504_0035-09.TXT
2025-05-04T15:51:30.836000,beacon,,,PASS,,,20250504_0035-09.TXT
2025-05-04T15:51:32.779000,beacon,-90,-15,FAIL,,,20250504_0035-09.TXT
2025-05-04T15:51:45.749000,beacon,,,PASS,,,20250504_0035-09.TXT
2025-05-04T15:51:45.909000,beacon,,,PASS,,,20250504_0035-09.TXT
2025-05-04T15:51:46.058000,beacon,-89,-14,FAIL,,,20250504_0035-09.TXT
2025-05-04T15:51:47.779000,beacon,-90,-14,FAIL,,,20250504_0035-09.TXT
2025-05-04T15:51:47.939000,beacon,,,PASS,,,20250504_0035-09.TXT
2025-05-04T15:51:48.274000,beacon,-90,-14,FAIL,,,20250504_0035-09.TXT
2025-05-04T15:52:00.941000,beacon,-89,-15,FAIL,,,20250504_0035-09.TXT
2025-05-04T15:52:01.199000,beacon,-89,-14,FAIL,,,20250504_0035-09.TXT
2025-05-04T15:52:02.776000,beacon,-89,-13,FAIL,,,20250504_0035-09.TXT
2025-05-04T15:52:02.930000,beacon,,,PASS,,,20250504_0035-09.TXT
2025-05-04T15:52:03.075000,beacon,-90,-13,FAIL,,,20250504_0035-09.TXT
2025-05-04T15:52:03.248000,beacon,,,PASS,,,20250504_0035-09.TXT
2025-05-04T15:52:15.755000,beacon,,,PASS,,,20250504_0035-09.TXT
2025-05-04T15:52:15.931000,beacon,,,PASS,,,20250504_0035-09.TXT
2025-05-04T15:52:16.073000,beacon,,,PASS,,,20250504_0035-09.TXT
2025-05-04T15:52:16.158000,beacon,,,PASS,,,20250504_0035-09.TXT
2025-05-04T15:52:16.236000,beacon,,,PASS,,,20250504_0035-09.TXT
2025-05-04T15:52:30.757000,beacon,,,PASS,,,20250504_0035-09.TXT
2025-05-04T15:52:30.858000,beacon,,,PASS,,,20250504_0035-09.TXT
2025-05-04T15:52:45.748000,beacon,,,PASS,,,20250504_0035-09.TXT
2025-05-04T15:52:45.796000,beacon,,,PASS,,,20250504_0035-09.TXT
2025-05-04T15:52:47.822000,beacon,,,PASS,,,20250504_0035-09.TXT
2025-05-04T15:53:00.744000,beacon,,,PASS,,,20250504_0035-09.TXT
2025-05-04T15:53:00.824000,beacon,,,PASS,,,20250504_0035-09.TXT
2025-05-04T15:53:17.776000,beacon,-90,-16,FAIL,,,20250504_0035-09.TXT
2025-05-04T15:53:32.746000,beacon,,,PASS,,,20250504_0035-09.TXT
2025-05-04T15:53:32.832000,beacon,,,PASS,,,20250504_0035-09.TXT
2025-05-04T15:53:47.848000,beacon,-90,-16,FAIL,,,20250504_0035-09.TXT
2025-05-04T15:54:00.893000,beacon,-89,-14,FAIL,,,20250504_0035-09.TXT
2025-05-04T15:54:02.843000,beacon,-90,-16,FAIL,,,20250504_0035-09.TXT
2025-05-04T15:54:17.776000,beacon,-90,-14,FAIL,,,20250504_0035-09.TXT
2025-05-04T15:54:32.746000,beacon,,,PASS,,,20250504_0035-09.TXT
2025-05-04T15:54:47.746000,beacon,,,PASS,,,20250504_0035-09.TXT
2025-05-04T15:54:47.841000,beacon,-90,-14,FAIL,,,20250504_0035-09.TXT
2025-05-04T15:55:00.856000,beacon,-90,-15,FAIL,,,20250504_0035-09.TXT
2025-05-04T15:55:02.743000,beacon,,,PASS,,,20250504_0035-09.TXT
2025-05-04T15:55:02.822000,beacon,,,PASS,,,20250504_0035-09.TXT
2025-05-04T15:55:15.752000,beacon,,,PASS,,,20250504_0035-09.TXT
2025-05-04T15:55:15.831000,beacon,,,PASS,,,20250504_0035-09.TXT
2025-05-04T15:55:17.756000,beacon,,,PASS,,,20250504_0035-09.TXT
2025-05-04T15:55:17.845000,beacon,,,PASS,,,20250504_0035-09.TXT
2025-05-04T15:55:32.751000,beacon,,,PASS,,,20250504_0035-09.TXT
2025-05-04T15:55:32.798000,beacon,,,PASS,,,20250504_0035-09.TXT
2025-05-04T15:55:47.752000,beacon,,,PASS,,,20250504_0035-09.TXT
2025-05-04T15:55:47.816000,beacon,,,PASS,,,20250504_0035-09.TXT
2025-05-04T15:56:00.775000,beacon,-91,-13,FAIL,,,20250504_0035-09.TXT
2025-05-04T15:56:02.742000,beacon,,,PASS,,,20250504_0035-09.TXT
2025-05-04T15:56:15.745000,beacon,,,PASS,,,20250504_0035-09.TXT
2025-05-04T15:56:15.825000,beacon,,,PASS,,,20250504_0035-09.TXT
2025-05-04T15:56:17.749000,beacon,-89,-14,FAIL,,,20250504_0035-09.TXT
2025-05-04T15:56:30.777000,beacon,-90,-16,FAIL,,,20250504_0035-09.TXT
2025-05-04T16:01:45.786000,beacon,-90,-16,FAIL,,,20250504_0035-09.TXT
2025-05-04T16:02:00.755000,beacon,,,PASS,,,20250504_0035-09.TXT
2025-05-04T16:02:00.912000,beacon,,,PASS,,,20250504_0035-09.TXT
2025-05-04T16:02:15.754000,beacon,,,PASS,,,20250504_0035-09.TXT
2025-05-04T16:02:15.901000,beacon,,,PASS,,,20250504_0035-09.TXT
2025-05-04T16:02:30.759000,beacon,,,PASS,,,20250504_0035-09.TXT
2025-05-04T16:02:30.959000,beacon,,,PASS,,,20250504_0035-09.TXT
2025-05-04T16:02:45.753000,beacon,,,PASS,,,20250504_0035-09.TXT
2025-05-04T16:02:45.953000,beacon,,,PASS,,,20250504_0035-09.TXT
2025-05-04T16:02:45.999000,beacon,,,PASS,,,20250504_0035-09.TXT
2025-05-04T16:03:00.745000,beacon,,,PASS,,,20250504_0035-09.TXT
2025-05-04T16:03:00.953000,beacon,,,PASS,,,20250504_0035-09.TXT
2025-05-04T16:03:01.001000,beacon,,,PASS,,,20250504_0035-09.TXT
2025-05-04T16:03:15.747000,beacon,,,PASS,,,20250504_0035-09.TXT
2025-05-04T16:03:15.955000,beacon,,,PASS,,,20250504_0035-09.TXT
2025-05-04T16:03:16.014000,beacon,,,PASS,,,20250504_0035-09.TXT
2025-05-04T16:03:30.760000,beacon,,,PASS,,,20250504_0035-09.TXT
2025-05-04T16:03:30.952000,beacon,,,PASS,,,20250504_0035-09.TXT
2025-05-04T16:03:45.762000,beacon,,,PASS,,,20250504_0035-09.TXT
2025-05-04T16:03:45.916000,beacon,,,PASS,,,20250504_0035-09.TXT
2025-05-04T16:04:00.757000,beacon,,,PASS,,,20250504_0035-09.TXT
2025-05-04T16:04:00.912000,beacon,,,PASS,,,20250504_0035-09.TXT
2025-05-04T16:04:15.737000,beacon,,,PASS,,,20250504_0035-09.TXT
2025-05-04T16:04:15.940000,beacon,,,PASS,,,20250504_0035-09.TXT
2025-05-04T16:04:30.764000,beacon,,,PASS,,,20250504_0035-09.TXT
2025-05-04T16:04:30.949000,beacon,,,PASS,,,20250504_0035-09.TXT
2025-05-04T16:04:45.742000,beacon,,,PASS,,,20250504_0035-09.TXT
2025-05-04T16:04:45.950000,beacon,,,PASS,,,20250504_0035-09.TXT
2025-05-04T16:04:46.045000,beacon,,,PASS,,,20250504_0035-09.TXT
2025-05-04T16:05:00.784000,beacon,-86,-15,FAIL,,,20250504_0035-09.TXT
2025-05-04T16:05:01.051000,beacon,,,PASS,,,20250504_0035-09.TXT
2025-05-04T16:14:00.813000,beacon,-90,-14,FAIL,,,20250504_0035-09.TXT
2025-05-04T16:14:30.932000,beacon,-90,-15,FAIL,,,20250504_0035-09.TXT
2025-05-04T16:14:45.727000,beacon,,,PASS,,,20250504_0035-09.TXT
2025-05-04T16:14:45.919000,beacon,,,PASS,,,20250504_0035-09.TXT
2025-05-04T16:14:51.549000,Tx,,,,00205031600001,,20250504_0035-09.TXT
2025-05-04T16:15:00.874000,beacon,-90,-15,FAIL,,,20250504_0035-09.TXT
2025-05-04T16:15:15.731000,beacon,,,PASS,,,20250504_0035-09.TXT
2025-05-04T16:15:15.850000,beacon,,,PASS,,,20250504_0035-09.TXT
2025-05-04T16:15:21.543000,Tx,,,,00205031600001,,20250504_0035-09.TXT
2025-05-04T16:15:30.724000,beacon,,,PASS,,,20250504_0035-09.TXT
2025-05-04T16:15:30.825000,beacon,,,PASS,,,20250504_0035-09.TXT
2025-05-04T16:15:36.183000,ACK,,,,,3334,20250504_0035-09.TXT
2025-05-04T16:15:45.730000,beacon,,,PASS,,,20250504_0035-09.TXT
2025-05-04T16:15:45.826000,beacon,,,PASS,,,20250504_0035-09.TXT
2025-05-04T16:16:00.731000,beacon,,,PASS,,,20250504_0035-09.TXT
2025-05-04T16:16:00.856000,beacon,,,PASS,,,20250504_0035-09.TXT
2025-05-04T16:16:15.730000,beacon,,,PASS,,,20250504_0035-09.TXT
2025-05-04T16:16:15.872000,beacon,,,PASS,,,20250504_0035-09.TXT
2025-05-04T16:16:30.730000,beacon,,,PASS,,,20250504_0035-09.TXT
2025-05-04T16:16:30.842000,beacon,,,PASS,,,20250504_0035-09.TXT
2025-05-04T16:16:45.725000,beacon,,,PASS,,,20250504_0035-09.TXT
2025-05-04T16:16:45.842000,beacon,,,PASS,,,20250504_0035-09.TXT
2025-05-04T16:17:00.754000,beacon,-89,-14,FAIL,,,20250504_0035-09.TXT
2025-05-04T16:17:45.791000,beacon,-90,-16,FAIL,,,20250504_0035-09.TXT
2025-05-04T16:18:00.728000,beacon,,,PASS,,,20250504_0035-09.TXT
2025-05-04T16:18:00.815000,beacon,,,PASS,,,20250504_0035-09.TXT
2025-05-04T16:18:30.801000,beacon,,,PASS,,,20250504_0035-09.TXT
2025-05-04T16:18:30.875000,beacon,,,PASS,,,20250504_0035-09.TXT
2025-05-04T16:18:31.019000,beacon,-88,-14,FAIL,,,20250504_0035-09.TXT
2025-05-04T16:18:31.115000,beacon,,,PASS,,,20250504_0035-09.TXT
2025-05-04T16:18:45.733000,beacon,,,PASS,,,20250504_0035-09.TXT
2025-05-04T16:18:45.780000,beacon,-90,-14,FAIL,,,20250504_0035-09.TXT
2025-05-04T16:18:45.875000,beacon,,,PASS,,,20250504_0035-09.TXT
2025-05-04T16:18:45.953000,beacon,-90,-14,FAIL,,,20250504_0035-09.TXT
2025-05-04T16:18:46.017000,beacon,,,PASS,,,20250504_0035-09.TXT
2025-05-04T16:18:46.115000,beacon,,,PASS,,,20250504_0035-09.TXT
2025-05-04T16:38:15.717000,beacon,,,PASS,,,20250504_0035-09.TXT
2025-05-04T16:38:15.765000,beacon,,,PASS,,,20250504_0035-09.TXT
2025-05-04T16:38:30.719000,beacon,,,PASS,,,20250504_0035-09.TXT
2025-05-04T16:38:30.783000,beacon,,,PASS,,,20250504_0035-09.TXT
2025-05-04T16:38:45.740000,beacon,-90,-13,FAIL,,,20250504_0035-09.TXT
2025-05-04T16:38:45.916000,beacon,,,PASS,,,20250504_0035-09.TXT
2025-05-04T16:39:00.710000,beacon,,,PASS,,,20250504_0035-09.TXT
2025-05-04T16:39:00.799000,beacon,,,PASS,,,20250504_0035-09.TXT
2025-05-04T16:39:15.737000,beacon,-90,-16,FAIL,,,20250504_0035-09.TXT
2025-05-04T16:39:30.707000,beacon,,,PASS,,,20250504_0035-09.TXT
2025-05-04T16:39:30.797000,beacon,,,PASS,,,20250504_0035-09.TXT
2025-05-04T16:39:45.702000,beacon,,,PASS,,,20250504_0035-09.TXT
2025-05-04T16:40:15.705000,beacon,,,PASS,,,20250504_0035-09.TXT
2025-05-04T16:40:15.823000,beacon,,,PASS,,,20250504_0035-09.TXT
2025-05-04T16:40:15.952000,beacon,,,PASS,,,20250504_0035-09.TXT
2025-05-04T16:40:30.704000,beacon,,,PASS,,,20250504_0035-09.TXT
2025-05-04T16:40:30.806000,beacon,,,PASS,,,20250504_0035-09.TXT
2025-05-04T16:40:45.735000,beacon,-88,-15,FAIL,,,20250504_0035-09.TXT
2025-05-04T16:40:45.896000,beacon,-90,-15,FAIL,,,20250504_0035-09.TXT
2025-05-04T16:41:00.737000,beacon,-90,-16,FAIL,,,20250504_0035-09.TXT
2025-05-04T17:07:30.719000,beacon,-92,-14,FAIL,,,20250504_0035-09.TXT
2025-05-04T17:07:30.949000,beacon,-90,-16,FAIL,,,20250504_0035-09.TXT
2025-05-04T17:07:31.107000,beacon,-90,-16,FAIL,,,20250504_0035-09.TXT
2025-05-04T17:09:15.932000,beacon,-90,-14,FAIL,,,20250504_0035-09.TXT
2025-05-04T17:13:49.855000,generated_time,,,,00205031750001,,20250504_0035-09.TXT
2025-05-04T17:13:49.855000,generated_time,,,,00205031750001,,20250504_0035-09.TXT
2025-05-04T17:37:49.689000,beacon,-90,-14,FAIL,,,20250504_0035-09.TXT
2025-05-04T17:38:00.832000,beacon,-90,-14,FAIL,,,20250504_0035-09.TXT
2025-05-04T17:38:04.671000,beacon,,,PASS,,,20250504_0035-09.TXT
2025-05-04T17:38:04.847000,beacon,,,PASS,,,20250504_0035-09.TXT
2025-05-04T17:38:04.945000,beacon,,,PASS,,,20250504_0035-09.TXT
2025-05-04T17:38:05.089000,beacon,-91,-15,FAIL,,,20250504_0035-09.TXT
2025-05-04T17:38:10.479000,Tx,,,,00205031640001,,20250504_0035-09.TXT
2025-05-04T17:38:14.829000,Tx,,,,00205031750001,,20250504_0035-09.TXT
2025-05-04T17:38:19.691000,beacon,-90,-14,FAIL,,,20250504_0035-09.TXT
2025-05-04T17:38:34.661000,beacon,,,PASS,,,20250504_0035-09.TXT
2025-05-04T17:38:34.708000,beacon,,,PASS,,,20250504_0035-09.TXT
2025-05-04T17:38:40.482000,Tx,,,,00205031640001,,20250504_0035-09.TXT
2025-05-04T17:38:44.833000,Tx,,,,00205031750001,,20250504_0035-09.TXT
2025-05-04T18:16:08.763000,generated_time,,,,00205031820001,,20250504_0035-09.TXT
2025-05-04T18:16:08.763000,generated_time,,,,00205031820001,,20250504_0035-09.TXT
2025-05-04T18:29:50.034000,beacon,,,PASS,,,20250504_0035-09.TXT
2025-05-04T18:29:50.177000,beacon,,,PASS,,,20250504_0035-09.TXT
2025-05-04T18:29:50.328000,beacon,,,PASS,,,20250504_0035-09.TXT
2025-05-04T18:29:50.391000,beacon,,,PASS,,,20250504_0035-09.TXT
2025-05-04T18:29:50.487000,beacon,,,PASS,,,20250504_0035-09.TXT
2025-05-04T18:29:50.564000,beacon,,,PASS,,,20250504_0035-09.TXT
2025-05-04T18:29:55.843000,Tx,,,,00205031820001,,20250504_0035-09.TXT
2025-05-04T18:30:20.184000,beacon,-89,-15,FAIL,,,20250504_0035-09.TXT
2025-05-04T18:30:20.522000,beacon,-90,-16,FAIL,,,20250504_0035-09.TXT
2025-05-04T18:31:20.054000,beacon,-89,-14,FAIL,,,20250504_0035-09.TXT
2025-05-04T18:31:35.152000,beacon,-89,-16,FAIL,,,20250504_0035-09.TXT
2025-05-04T18:31:50.052000,beacon,-88,-15,FAIL,,,20250504_0035-09.TXT
2025-05-04T18:32:20.022000,beacon,,,PASS,,,20250504_0035-09.TXT
2025-05-04T18:32:20.205000,beacon,,,PASS,,,20250504_0035-09.TXT
2025-05-04T18:32:25.852000,Tx,,,,00205031820001,,20250504_0035-09.TXT
2025-05-04T18:32:35.031000,beacon,,,PASS,,,20250504_0035-09.TXT
2025-05-04T18:32:35.173000,beacon,,,PASS,,,20250504_0035-09.TXT
2025-05-04T18:32:40.480000,ACK,,,,,3338,20250504_0035-09.TXT
2025-05-04T18:32:50.052000,beacon,-90,-15,FAIL,,,20250504_0035-09.TXT
2025-05-04T18:33:05.153000,beacon,-90,-15,FAIL,,,20250504_0035-09.TXT
2025-05-04T18:33:35.119000,beacon,-90,-16,FAIL,,,20250504_0035-09.TXT
2025-05-04T18:46:34.956000,generated_time,,,,00205031850001,,20250504_0035-09.TXT
2025-05-04T18:46:34.956000,generated_time,,,,00205031850001,,20250504_0035-09.TXT
2025-05-04T18:56:05.368000,beacon,-90,-15,FAIL,,,20250504_0035-09.TXT
2025-05-04T18:56:05.524000,beacon,-90,-15,FAIL,,,20250504_0035-09.TXT
2025-05-04T18:56:35.030000,beacon,-90,-14,FAIL,,,20250504_0035-09.TXT
2025-05-04T18:56:35.167000,beacon,,,PASS,,,20250504_0035-09.TXT
2025-05-04T18:56:35.247000,beacon,,,PASS,,,20250504_0035-09.TXT
2025-05-04T18:56:35.330000,beacon,,,PASS,,,20250504_0035-09.TXT
2025-05-04T18:56:35.409000,beacon,,,PASS,,,20250504_0035-09.TXT
2025-05-04T18:57:35.031000,beacon,-90,-14,FAIL,,,20250504_0035-09.TXT
2025-05-04T18:58:05.002000,beacon,,,PASS,,,20250504_0035-09.TXT
2025-05-04T18:58:05.135000,beacon,,,PASS,,,20250504_0035-09.TXT
2025-05-04T18:58:10.828000,Tx,,,,00205031850001,,20250504_0035-09.TXT
2025-05-04T18:59:35.032000,beacon,-89,-14,FAIL,,,20250504_0035-09.TXT
2025-05-04T18:59:50.032000,beacon,-90,-14,FAIL,,,20250504_0035-09.TXT
2025-05-04T19:00:05.002000,beacon,,,PASS,,,20250504_0035-09.TXT
2025-05-04T19:00:10.823000,Tx,,,,00205031850001,,20250504_0035-09.TXT
2025-05-04T19:00:20.028000,beacon,-90,-13,FAIL,,,20250504_0035-09.TXT
2025-05-04T19:00:20.187000,beacon,,,PASS,,,20250504_0035-09.TXT
2025-05-04T19:01:20.034000,beacon,-89,-14,FAIL,,,20250504_0035-09.TXT
2025-05-04T19:16:28.752000,generated_time,,,,00205031915001,,20250504_0035-09.TXT
2025-05-04T19:16:28.752000,generated_time,,,,00205031915001,,20250504_0035-09.TXT
2025-05-04T19:21:35.069000,beacon,-90,-16,FAIL,,,20250504_0035-09.TXT
2025-05-04T19:21:49.991000,beacon,,,PASS,,,20250504_0035-09.TXT
2025-05-04T19:21:50.095000,beacon,,,PASS,,,20250504_0035-09.TXT
2025-05-04T19:21:55.804000,Tx,,,,00205031850001,,20250504_0035-09.TXT
2025-05-04T19:22:00.155000,Tx,,,,00205031915001,,20250504_0035-09.TXT
2025-05-04T19:23:20.010000,beacon,-90,-14,FAIL,,,20250504_0035-09.TXT
2025-05-04T19:23:49.981000,beacon,,,PASS,,,20250504_0035-09.TXT
2025-05-04T19:23:50.087000,beacon,,,PASS,,,20250504_0035-09.TXT
2025-05-04T19:23:55.811000,Tx,,,,00205031850001,,20250504_0035-09.TXT
2025-05-04T19:24:00.147000,Tx,,,,00205031915001,,20250504_0035-09.TXT
2025-05-04T19:24:04.992000,beacon,,,PASS,,,20250504_0035-09.TXT
2025-05-04T19:24:05.185000,beacon,,,PASS,,,20250504_0035-09.TXT
2025-05-04T19:24:05.234000,beacon,,,PASS,,,20250504_0035-09.TXT
2025-05-04T19:24:10.799000,Tx,,,,00205031850001,,20250504_0035-09.TXT
2025-05-04T19:24:15.149000,Tx,,,,00205031915001,,20250504_0035-09.TXT
2025-05-04T19:24:19.979000,beacon,,,PASS,,,20250504_0035-09.TXT
2025-05-04T19:24:20.187000,beacon,,,PASS,,,20250504_0035-09.TXT
2025-05-04T19:24:25.433000,ACK,,,,,3339,20250504_0035-09.TXT
2025-05-04T19:24:25.433000,ACK,,,,,3340,20250504_0035-09.TXT
2025-05-04T19:24:34.981000,beacon,,,PASS,,,20250504_0035-09.TXT
2025-05-04T19:24:35.189000,beacon,,,PASS,,,20250504_0035-09.TXT
2025-05-04T19:24:35.222000,beacon,,,PASS,,,20250504_0035-09.TXT
2025-05-04T19:25:04.987000,beacon,,,PASS,,,20250504_0035-09.TXT
2025-05-04T19:25:05.184000,beacon,,,PASS,,,20250504_0035-09.TXT
2025-05-04T19:25:05.232000,beacon,,,PASS,,,20250504_0035-09.TXT
2025-05-04T19:25:19.978000,beacon,,,PASS,,,20250504_0035-09.TXT
2025-05-04T19:25:20.073000,beacon,,,PASS,,,20250504_0035-09.TXT
2025-05-04T19:25:35.011000,beacon,-89,-15,FAIL,,,20250504_0035-09.TXT
2025-05-04T19:25:49.980000,beacon,,,PASS,,,20250504_0035-09.TXT
2025-05-04T19:25:50.109000,beacon,,,PASS,,,20250504_0035-09.TXT
2025-05-04T19:26:05.007000,beacon,-90,-14,FAIL,,,20250504_0035-09.TXT
2025-05-04T19:26:19.976000,beacon,,,PASS,,,20250504_0035-09.TXT
2025-05-04T19:26:20.101000,beacon,,,PASS,,,20250504_0035-09.TXT
2025-05-04T19:26:35.010000,beacon,-89,-16,FAIL,,,20250504_0035-09.TXT
2025-05-04T19:27:05.011000,beacon,-90,-16,FAIL,,,20250504_0035-09.TXT
2025-05-04T19:27:19.981000,beacon,-89,-14,FAIL,,,20250504_0035-09.TXT
2025-05-04T19:27:35.008000,beacon,-89,-14,FAIL,,,20250504_0035-09.TXT
2025-05-04T19:27:50.010000,beacon,-90,-15,FAIL,,,20250504_0035-09.TXT
2025-05-04T19:46:35.034000,beacon,-90,-15,FAIL,,,20250504_0035-09.TXT
2025-05-04T19:46:47.957000,generated_time,,,,00205031946001,,20250504_0035-09.TXT
2025-05-04T19:46:47.957000,generated_time,,,,00205031946001,,20250504_0035-09.TXT
2025-05-04T19:47:04.996000,beacon,-90,-15,FAIL,,,20250504_0035-09.TXT
2025-05-04T19:49:19.993000,beacon,-89,-14,FAIL,,,20250504_0035-09.TXT
2025-05-04T19:49:34.995000,beacon,-89,-14,FAIL,,,20250504_0035-09.TXT
2025-05-04T19:49:49.964000,beacon,,,PASS,,,20250504_0035-09.TXT
2025-05-04T19:49:50.028000,beacon,-89,-15,FAIL,,,20250504_0035-09.TXT
2025-05-04T19:49:55.785000,Tx,,,,00205031946001,,20250504_0035-09.TXT
2025-05-04T19:50:04.965000,beacon,,,PASS,,,20250504_0035-09.TXT
2025-05-04T19:50:05.030000,beacon,,,PASS,,,20250504_0035-09.TXT
2025-05-04T19:50:10.420000,ACK,,,,,3341,20250504_0035-09.TXT
2025-05-04T19:50:19.991000,beacon,-91,-16,FAIL,,,20250504_0035-09.TXT
2025-05-04T19:50:49.964000,beacon,-90,-14,FAIL,,,20250504_0035-09.TXT
2025-05-04T19:51:19.959000,beacon,,,PASS,,,20250504_0035-09.TXT
2025-05-04T19:51:20.076000,beacon,-91,-14,FAIL,,,20250504_0035-09.TXT
2025-05-04T19:51:34.967000,beacon,,,PASS,,,20250504_0035-09.TXT
2025-05-04T19:51:35.055000,beacon,,,PASS,,,20250504_0035-09.TXT
2025-05-04T19:51:49.962000,beacon,,,PASS,,,20250504_0035-09.TXT
2025-05-04T19:51:50.044000,beacon,,,PASS,,,20250504_0035-09.TXT
2025-05-04T19:52:04.967000,beacon,,,PASS,,,20250504_0035-09.TXT
2025-05-04T19:52:05.046000,beacon,,,PASS,,,20250504_0035-09.TXT
2025-05-04T19:52:19.956000,beacon,,,PASS,,,20250504_0035-09.TXT
2025-05-04T19:52:20.043000,beacon,,,PASS,,,20250504_0035-09.TXT
2025-05-04T19:52:34.965000,beacon,,,PASS,,,20250504_0035-09.TXT
2025-05-04T19:52:35.054000,beacon,,,PASS,,,20250504_0035-09.TXT
2025-05-04T19:53:04.987000,beacon,-91,-14,FAIL,,,20250504_0035-09.TXT
2025-05-04T19:53:19.988000,beacon,-91,-15,FAIL,,,20250504_0035-09.TXT
2025-05-04T19:53:34.989000,beacon,-91,-14,FAIL,,,20250504_0035-09.TXT
2025-05-04T19:53:49.959000,beacon,,,PASS,,,20250504_0035-09.TXT
2025-05-04T19:53:50.034000,beacon,,,PASS,,,20250504_0035-09.TXT
2025-05-04T19:54:04.988000,beacon,-91,-15,FAIL,,,20250504_0035-09.TXT
2025-05-04T20:15:35.032000,beacon,-91,-15,FAIL,,,20250504_0035-09.TXT
2025-05-04T20:16:22.774000,generated_time,,,,00205032016001,,20250504_0035-09.TXT
2025-05-04T20:16:22.774000,generated_time,,,,00205032016001,,20250504_0035-09.TXT
2025-05-04T20:18:34.969000,beacon,-91,-16,FAIL,,,20250504_0035-09.TXT
2025-05-04T20:46:15.928000,generated_time,,,,00205032046001,,20250504_0035-09.TXT
2025-05-04T20:46:15.928000,generated_time,,,,00205032046001,,20250504_0035-09.TXT
2025-05-04T20:49:25.980000,beacon,-90,-16,FAIL,,,20250504_0035-09.TXT
2025-05-04T21:13:40.925000,beacon,-90,-14,FAIL,,,20250504_0035-09.TXT
2025-05-04T21:13:55.893000,beacon,,,PASS,,,20250504_0035-09.TXT
2025-05-04T21:13:56.035000,beacon,,,PASS,,,20250504_0035-09.TXT
2025-05-04T21:14:01.712000,Tx,,,,00205032016001,,20250504_0035-09.TXT
2025-05-04T21:14:06.061000,Tx,,,,00205032046001,,20250504_0035-09.TXT
2025-05-04T21:14:25.893000,beacon,,,PASS,,,20250504_0035-09.TXT
2025-05-04T21:14:25.958000,beacon,,,PASS,,,20250504_0035-09.TXT
2025-05-04T21:14:31.715000,Tx,,,,00205032016001,,20250504_0035-09.TXT
2025-05-04T21:14:36.063000,Tx,,,,00205032046001,,20250504_0035-09.TXT
2025-05-04T21:14:40.895000,beacon,,,PASS,,,20250504_0035-09.TXT
2025-05-04T21:14:40.999000,beacon,,,PASS,,,20250504_0035-09.TXT
2025-05-04T21:14:46.339000,ACK,,,,,3342,20250504_0035-09.TXT
2025-05-04T21:14:46.339000,ACK,,,,,3343,20250504_0035-09.TXT
2025-05-04T21:14:55.903000,beacon,,,PASS,,,20250504_0035-09.TXT
2025-05-04T21:15:55.997000,beacon,-90,-15,FAIL,,,20250504_0035-09.TXT
2025-05-04T21:16:10.979000,generated_time,,,,00205032116001,,20250504_0035-09.TXT
2025-05-04T21:16:10.979000,generated_time,,,,00205032116001,,20250504_0035-09.TXT
2025-05-04T21:16:25.886000,beacon,,,PASS,,,20250504_0035-09.TXT
2025-05-04T21:16:25.950000,beacon,,,PASS,,,20250504_0035-09.TXT
2025-05-04T21:16:31.709000,Tx,,,,00205032116001,,20250504_0035-09.TXT
2025-05-04T21:16:40.967000,beacon,,,PASS,,,20250504_0035-09.TXT
2025-05-04T21:17:10.924000,beacon,-90,-14,FAIL,,,20250504_0035-09.TXT
2025-05-04T21:17:25.919000,beacon,-90,-15,FAIL,,,20250504_0035-09.TXT
2025-05-04T21:17:40.920000,beacon,-90,-14,FAIL,,,20250504_0035-09.TXT
2025-05-04T21:41:10.881000,beacon,,,PASS,,,20250504_0035-09.TXT
2025-05-04T21:41:16.318000,ACK,,,,,3344,20250504_0035-09.TXT
2025-05-04T21:41:25.867000,beacon,,,PASS,,,20250504_0035-09.TXT
2025-05-04T21:41:25.963000,beacon,,,PASS,,,20250504_0035-09.TXT
2025-05-04T21:41:40.873000,beacon,,,PASS,,,20250504_0035-09.TXT
2025-05-04T21:41:41.059000,beacon,,,PASS,,,20250504_0035-09.TXT
2025-05-04T21:41:55.869000,beacon,,,PASS,,,20250504_0035-09.TXT
2025-05-04T21:41:55.963000,beacon,,,PASS,,,20250504_0035-09.TXT
2025-05-04T21:42:10.876000,beacon,,,PASS,,,20250504_0035-09.TXT
2025-05-04T21:42:10.982000,beacon,,,PASS,,,20250504_0035-09.TXT
2025-05-04T21:42:25.871000,beacon,,,PASS,,,20250504_0035-09.TXT
2025-05-04T21:42:25.980000,beacon,,,PASS,,,20250504_0035-09.TXT
2025-05-04T21:43:25.977000,beacon,-90,-14,FAIL,,,20250504_0035-09.TXT
2025-05-04T21:43:40.867000,beacon,,,PASS,,,20250504_0035-09.TXT
2025-05-04T21:43:40.962000,beacon,-90,-14,FAIL,,,20250504_0035-09.TXT
2025-05-04T21:43:55.869000,beacon,,,PASS,,,20250504_0035-09.TXT
2025-05-04T21:43:55.932000,beacon,-90,-13,FAIL,,,20250504_0035-09.TXT
2025-05-04T21:44:10.960000,beacon,-90,-14,FAIL,,,20250504_0035-09.TXT
2025-05-04T21:44:25.866000,beacon,,,PASS,,,20250504_0035-09.TXT
2025-05-04T21:44:26.014000,beacon,,,PASS,,,20250504_0035-09.TXT
2025-05-04T21:44:40.871000,beacon,,,PASS,,,20250504_0035-09.TXT
2025-05-04T21:45:10.873000,beacon,,,PASS,,,20250504_0035-09.TXT
2025-05-04T21:45:10.940000,beacon,,,PASS,,,20250504_0035-09.TXT
2025-05-04T21:45:25.866000,beacon,,,PASS,,,20250504_0035-09.TXT
2025-05-04T21:45:25.968000,beacon,,,PASS,,,20250504_0035-09.TXT
2025-05-04T21:45:40.874000,beacon,,,PASS,,,20250504_0035-09.TXT
2025-05-04T21:46:10.877000,beacon,,,PASS,,,20250504_0035-09.TXT
2025-05-04T21:46:10.936000,beacon,,,PASS,,,20250504_0035-09.TXT
2025-05-04T21:46:14.267000,generated_time,,,,00205032146001,,20250504_0035-09.TXT
2025-05-04T21:46:14.267000,generated_time,,,,00205032146001,,20250504_0035-09.TXT
2025-05-04T21:46:16.694000,Tx,,,,00205032146001,,20250504_0035-09.TXT
2025-05-04T21:46:25.896000,beacon,-91,-13,FAIL,,,20250504_0035-09.TXT
2025-05-04T21:46:40.929000,beacon,-91,-16,FAIL,,,20250504_0035-09.TXT
2025-05-04T21:46:55.897000,beacon,-89,-12,FAIL,,,20250504_0035-09.TXT
2025-05-04T21:47:10.866000,beacon,,,PASS,,,20250504_0035-09.TXT
2025-05-04T21:47:10.943000,beacon,,,PASS,,,20250504_0035-09.TXT
2025-05-04T21:47:16.699000,Tx,,,,00205032146001,,20250504_0035-09.TXT
2025-05-04T21:48:25.870000,beacon,-90,-15,FAIL,,,20250504_0035-09.TXT
2025-05-04T22:08:10.883000,beacon,-89,-15,FAIL,,,20250504_0035-09.TXT
2025-05-04T22:08:55.857000,beacon,,,PASS,,,20250504_0035-09.TXT
2025-05-04T22:08:55.902000,beacon,,,PASS,,,20250504_0035-09.TXT
2025-05-04T22:09:01.677000,Tx,,,,00205032146001,,20250504_0035-09.TXT
2025-05-04T22:09:10.877000,beacon,-89,-14,FAIL,,,20250504_0035-09.TXT
2025-05-04T22:09:25.847000,beacon,,,PASS,,,20250504_0035-09.TXT
2025-05-04T22:09:25.989000,beacon,,,PASS,,,20250504_0035-09.TXT
2025-05-04T22:09:31.667000,Tx,,,,00205032146001,,20250504_0035-09.TXT
2025-05-04T22:09:40.848000,beacon,,,PASS,,,20250504_0035-09.TXT
2025-05-04T22:09:40.958000,beacon,,,PASS,,,20250504_0035-09.TXT
2025-05-04T22:09:46.300000,ACK,,,,,3345,20250504_0035-09.TXT
2025-05-04T22:09:55.847000,beacon,,,PASS,,,20250504_0035-09.TXT
2025-05-04T22:09:55.952000,beacon,,,PASS,,,20250504_0035-09.TXT
2025-05-04T22:10:10.858000,beacon,,,PASS,,,20250504_0035-09.TXT
2025-05-04T22:10:10.994000,beacon,,,PASS,,,20250504_0035-09.TXT
2025-05-04T22:10:25.853000,beacon,,,PASS,,,20250504_0035-09.TXT
2025-05-04T22:10:25.930000,beacon,,,PASS,,,20250504_0035-09.TXT
2025-05-04T22:10:40.876000,beacon,-89,-14,FAIL,,,20250504_0035-09.TXT
2025-05-04T22:10:55.878000,beacon,-89,-14,FAIL,,,20250504_0035-09.TXT
2025-05-04T22:11:10.878000,beacon,-90,-16,FAIL,,,20250504_0035-09.TXT
2025-05-04T22:11:40.851000,beacon,,,PASS,,,20250504_0035-09.TXT
2025-05-04T22:11:40.992000,beacon,-89,-14,FAIL,,,20250504_0035-09.TXT
2025-05-04T22:11:55.873000,beacon,-89,-15,FAIL,,,20250504_0035-09.TXT
2025-05-04T22:12:40.846000,beacon,,,PASS,,,20250504_0035-09.TXT
2025-05-04T22:12:40.999000,beacon,,,PASS,,,20250504_0035-09.TXT
2025-05-04T22:12:41.127000,beacon,,,PASS,,,20250504_0035-09.TXT
2025-05-04T22:12:41.229000,beacon,,,PASS,,,20250504_0035-09.TXT
2025-05-04T22:12:41.309000,beacon,,,PASS,,,20250504_0035-09.TXT
2025-05-04T22:12:41.386000,beacon,,,PASS,,,20250504_0035-09.TXT
2025-05-04T22:13:25.879000,beacon,-89,-16,FAIL,,,20250504_0035-09.TXT
2025-05-04T22:13:40.874000,beacon,-89,-13,FAIL,,,20250504_0035-09.TXT
2025-05-04T22:13:41.018000,beacon,-89,-14,FAIL,,,20250504_0035-09.TXT
2025-05-04T22:13:41.115000,beacon,,,PASS,,,20250504_0035-09.TXT
2025-05-04T22:13:41.200000,beacon,-89,-14,FAIL,,,20250504_0035-09.TXT
2025-05-04T22:13:41.356000,beacon,-89,-14,FAIL,,,20250504_0035-09.TXT
2025-05-04T22:14:25.875000,beacon,-89,-14,FAIL,,,20250504_0035-09.TXT
2025-05-04T22:14:41.066000,beacon,-89,-16,FAIL,,,20250504_0035-09.TXT
2025-05-04T22:14:41.170000,beacon,-90,-16,FAIL,,,20250504_0035-09.TXT
2025-05-04T22:16:18.410000,generated_time,,,,00205032216001,,20250504_0035-09.TXT
2025-05-04T22:16:18.410000,generated_time,,,,00205032216001,,20250504_0035-09.TXT
2025-05-04T22:34:40.860000,beacon,-90,-16,FAIL,,,20250504_0035-09.TXT
2025-05-04T22:35:10.831000,beacon,,,PASS,,,20250504_0035-09.TXT
2025-05-04T22:35:10.935000,beacon,,,PASS,,,20250504_0035-09.TXT
2025-05-04T22:35:16.659000,Tx,,,,00205032216001,,20250504_0035-09.TXT
2025-05-04T22:35:25.839000,beacon,,,PASS,,,20250504_0035-09.TXT
2025-05-04T22:35:25.930000,beacon,,,PASS,,,20250504_0035-09.TXT
2025-05-04T22:35:31.288000,ACK,,,,,3346,20250504_0035-09.TXT
2025-05-04T22:35:55.837000,beacon,,,PASS,,,20250504_0035-09.TXT
2025-05-04T22:35:55.903000,beacon,,,PASS,,,20250504_0035-09.TXT
2025-05-04T22:36:10.838000,beacon,,,PASS,,,20250504_0035-09.TXT
2025-05-04T22:36:10.897000,beacon,,,PASS,,,20250504_0035-09.TXT
2025-05-04T22:36:25.835000,beacon,,,PASS,,,20250504_0035-09.TXT
2025-05-04T22:36:25.947000,beacon,,,PASS,,,20250504_0035-09.TXT
2025-05-04T22:36:26.119000,beacon,,,PASS,,,20250504_0035-09.TXT
2025-05-04T22:36:26.261000,beacon,-90,-13,FAIL,,,20250504_0035-09.TXT
2025-05-04T22:36:26.358000,beacon,-90,-14,FAIL,,,20250504_0035-09.TXT
2025-05-04T22:36:40.916000,beacon,-90,-16,FAIL,,,20250504_0035-09.TXT
2025-05-04T22:36:55.838000,beacon,,,PASS,,,20250504_0035-09.TXT
2025-05-04T22:36:55.970000,beacon,,,PASS,,,20250504_0035-09.TXT
2025-05-04T22:37:10.828000,beacon,,,PASS,,,20250504_0035-09.TXT
2025-05-04T22:37:10.986000,beacon,,,PASS,,,20250504_0035-09.TXT
2025-05-04T22:37:25.828000,beacon,,,PASS,,,20250504_0035-09.TXT
2025-05-04T22:37:25.967000,beacon,,,PASS,,,20250504_0035-09.TXT
2025-05-04T22:37:40.825000,beacon,,,PASS,,,20250504_0035-09.TXT
2025-05-04T22:37:40.963000,beacon,,,PASS,,,20250504_0035-09.TXT
2025-05-04T22:37:55.836000,beacon,,,PASS,,,20250504_0035-09.TXT
2025-05-04T22:37:56.006000,beacon,,,PASS,,,20250504_0035-09.TXT
2025-05-04T22:46:18.505000,generated_time,,,,00205032246001,,20250504_0035-09.TXT
2025-05-04T22:46:18.505000,generated_time,,,,00205032246001,,20250504_0035-09.TXT
2025-05-04T23:02:26.291000,beacon,-90,-14,FAIL,,,20250504_0035-09.TXT
2025-05-04T23:03:25.959000,beacon,,,PASS,,,20250504_0035-09.TXT
2025-05-04T23:04:10.835000,beacon,-89,-13,FAIL,,,20250504_0035-09.TXT
2025-05-04T23:04:25.916000,beacon,-89,-16,FAIL,,,20250504_0035-09.TXT
2025-05-04T23:29:56.149000,beacon,-89,-15,FAIL,,,20250504_0035-09.TXT
2025-05-04T23:30:40.812000,beacon,-89,-14,FAIL,,,20250504_0035-09.TXT
2025-05-04T23:30:55.813000,beacon,-89,-15,FAIL,,,20250504_0035-09.TXT
2025-05-04T23:31:10.822000,beacon,-89,-16,FAIL,,,20250504_0035-09.TXT
2025-05-04T23:54:00.941000,beacon,-89,-14,FAIL,,,20250504_0035-09.TXT
2025-05-04T23:54:01.084000,beacon,,,PASS,,,20250504_0035-09.TXT
2025-05-04T23:54:01.171000,beacon,,,PASS,,,20250504_0035-09.TXT
2025-05-04T23:54:01.246000,beacon,-90,-14,FAIL,,,20250504_0035-09.TXT
2025-05-04T23:55:30.791000,beacon,-90,-16,FAIL,,,20250504_0035-09.TXT
2025-05-04T00:23:15.675000,beacon,,,PASS,,,20250504_0035-09.TXT
2025-05-04T00:23:15.738000,beacon,,,PASS,,,20250504_0035-09.TXT
2025-05-04T00:23:15.912000,beacon,,,PASS,,,20250504_0035-09.TXT
2025-05-04T00:23:15.999000,beacon,,,PASS,,,20250504_0035-09.TXT
2025-05-04T00:23:21.500000,Tx,,,,00205032246001,,20250504_0035-09.TXT
2025-05-04T00:23:30.679000,beacon,,,PASS,,,20250504_0035-09.TXT
2025-05-04T00:23:30.727000,beacon,,,PASS,,,20250504_0035-09.TXT
2025-05-04T00:23:36.133000,ACK,,,,,3347,20250504_0035-09.TXT
2025-05-04T00:23:45.698000,beacon,-90,-14,FAIL,,,20250504_0035-09.TXT
2025-05-04T00:23:45.964000,beacon,,,PASS,,,20250504_0035-09.TXT
2025-05-04T00:23:46.029000,beacon,-90,-14,FAIL,,,20250504_0035-09.TXT
2025-05-04T00:24:00.665000,beacon,,,PASS,,,20250504_0035-09.TXT
2025-05-04T00:24:00.728000,beacon,,,PASS,,,20250504_0035-09.TXT
2025-05-04T00:24:15.664000,beacon,,,PASS,,,20250504_0035-09.TXT
2025-05-04T00:24:15.738000,beacon,,,PASS,,,20250504_0035-09.TXT
